abbandonare	v	lasciare	gold_candidate
abbandonare	v	trascurato	gold_candidate
abbandonare	v	ignorato	gold_candidate
abbandonare	v	dimenticato	gold_candidate
abbandonare	v	trascurare	gold_candidate
abbandonare	v	eliminare	gold_candidate
abbandonare	v	ripudiare	gold_candidate
abbandonare	v	lasciare solo	gold_candidate
abbandonare	v	ignorare	gold_candidate
abbandonare	v	sbarazzarsi	gold_candidate
adeguato	a	opportuno	gold_candidate
adeguato	a	idonea	gold_candidate
adeguato	a	giusto	gold_candidate
adeguato	a	appropriato	gold_candidate
adeguato	a	valido	gold_candidate
adeguato	a	dovuto	gold_candidate
adeguato	a	corrispondente	gold_candidate
adeguato	a	conforme	gold_candidate
adeguato	a	apposito	gold_candidate
adeguato	a	adatto	gold_candidate
adeguato	a	idoneo	gold_candidate
adeguato	a	proporzionato	gold_candidate
adeguato	a	congruo	gold_candidate
adeguato	a	efficace	gold_candidate
adeguato	a	conveniente	gold_candidate
adeguato	a	corretto	gold_candidate
adeguato	a	chiaro	gold_candidate
allora	r	quel momento	gold_candidate
allora	r	quel giorno	gold_candidate
allora	r	quel tempo	gold_candidate
allora	r	in quel momento	gold_candidate
allora	r	a quella epoca	gold_candidate
allora	r	a quel tempo	gold_candidate
allora	r	un tempo	gold_candidate
allora	r	epoca	gold_candidate
allora	r	cosi'	gold_candidate
allora	r	in quel tempo	gold_candidate
alto	a	elevato	gold_candidate
alto	a	rilevante	gold_candidate
alto	a	importante	gold_candidate
alto	a	notevole	gold_candidate
alto	a	grandissimo	gold_candidate
alto	a	enorme	gold_candidate
alto	a	superiore	gold_candidate
alto	a	longilineo	gold_candidate
alto	a	grande	gold_candidate
alto	a	consistente	gold_candidate
ancora	r	di nuovo	gold_candidate
ancora	r	nuovamente	gold_candidate
ancora	r	tuttora	gold_candidate
ancora	r	per ora	gold_candidate
ancora	r	finora	gold_candidate
ancora	r	inoltre	gold_candidate
ancora	r	pure	gold_candidate
ancora	r	poi	gold_candidate
ancora	r	in piu'	gold_candidate
ancora	r	ulteriormente	gold_candidate
ancora	r	un'altra volta	gold_candidate
ancora	r	tanto	gold_candidate
ancora	r	soprattutto	gold_candidate
ancora	r	nettamente	gold_candidate
ancora	r	molto	gold_candidate
ancora	r	in aggiunta	gold_candidate
animale	n	bestia	gold_candidate
animale	n	asino	gold_candidate
animale	n	fauna	gold_candidate
apertura	n	disponibilita'	gold_candidate
apertura	n	tolleranza	gold_candidate
apertura	n	inizio	gold_candidate
apertura	n	parte iniziale	gold_candidate
apertura	n	avvio	gold_candidate
apertura	n	avviamento	gold_candidate
apertura	n	allargamento	gold_candidate
apparecchio	n	macchinetta	gold_candidate
apparecchio	n	dispositivo	gold_candidate
apparecchio	n	apparecchiatura	gold_candidate
apparecchio	n	macchina	gold_candidate
apparecchio	n	strumento	gold_candidate
apparecchio	n	congegno	gold_candidate
apparecchio	n	attrezzo	gold_candidate
apparentemente	r	in apparenza	gold_candidate
apparentemente	r	sembrare	gold_candidate
apparentemente	r	che sembra	gold_candidate
apparentemente	r	a prima vista	gold_candidate
apparentemente	r	all'apparenza	gold_candidate
apparentemente	r	esteriormente	gold_candidate
apparentemente	r	superficialmente	gold_candidate
apparentemente	r	esternamente	gold_candidate
apparentemente	r	a vederlo	gold_candidate
apparentemente	r	formalmente	gold_candidate
apparentemente	r	fittiziamente	gold_candidate
apparentemente	r	che puo' sembrare	gold_candidate
apparentemente	r	che puo' apparire	gold_candidate
appunto	r	proprio	gold_candidate
appunto	r	giustappunto	gold_candidate
appunto	r	esattamente	gold_candidate
appunto	r	infatti	gold_candidate
appunto	r	pero'	gold_candidate
appunto	r	certo	gold_candidate
area	n	zona	gold_candidate
area	n	regione	gold_candidate
area	n	spazio	gold_candidate
area	n	fascia	gold_candidate
area	n	luogo	gold_candidate
area	n	ambito	gold_candidate
area	n	settore	gold_candidate
area	n	competenza	gold_candidate
area	n	territorio	gold_candidate
area	n	superficie	gold_candidate
area	n	terreno	gold_candidate
aria	n	vento	gold_candidate
aria	n	clima	gold_candidate
aria	n	atmosfera	gold_candidate
aria	n	espressione	gold_candidate
aria	n	faccia	gold_candidate
aria	n	aspetto	gold_candidate
aria	n	volatile	gold_candidate
aria	n	effimero	gold_candidate
aria	n	apparente	gold_candidate
aria	n	sembianza	gold_candidate
aria	n	atteggiamento	gold_candidate
aria	n	alto	gold_candidate
arma	n	armamento	gold_candidate
arma	n	fuoco	gold_candidate
arma	n	servizio militare	gold_candidate
arma	n	esercito	gold_candidate
arma	n	strumento	gold_candidate
arma	n	milizia	gold_candidate
arma	n	forza armata	gold_candidate
arma	n	corpo armato	gold_candidate
arma	n	armata	gold_candidate
arma	n	mezzo	gold_candidate
arma	n	arma bianca	gold_candidate
arma	n	carabinieri	gold_candidate
arrivare	v	tornare	gold_candidate
arrivare	v	ritornare	gold_candidate
arrivare	v	rientrare	gold_candidate
arrivare	v	giungere	gold_candidate
arrivare	v	sopraggiungere	gold_candidate
arrivare	v	stare	gold_candidate
arrivare	v	pervenire	gold_candidate
arrivare	v	approdare	gold_candidate
arte	n	rappresentazione artistica	gold_candidate
arte	n	creativita'	gold_candidate
arte	n	maestria	gold_candidate
arte	n	ispirazione	gold_candidate
arte	n	attivita'	gold_candidate
arte	n	tecnica	gold_candidate
arte	n	metodo	gold_candidate
arte	n	abilita'	gold_candidate
arte	n	opera	gold_candidate
assai	r	molto	gold_candidate
assai	r	veramente	gold_candidate
assai	r	parecchio	gold_candidate
assai	r	notevolmente	gold_candidate
assai	r	tanto	gold_candidate
assai	r	notevomente	gold_candidate
assai	r	alquanto	gold_candidate
atto	n	opera	gold_candidate
atto	n	in corso	gold_candidate
atto	n	funzione	gold_candidate
atto	n	corso	gold_candidate
atto	n	documento?	gold_candidate
atto	n	documento	gold_candidate
atto	n	avviso?	gold_candidate
atto	n	coscienza	gold_candidate
atto	n	constatare	gold_candidate
atto	n	provvedimento	gold_candidate
atto	n	gesto	gold_candidate
atto	n	fase	gold_candidate
atto	n	azione	gold_candidate
atto	n	attuare	gold_candidate
atto	n	pubblicazione	gold_candidate
auto	n	macchina	gold_candidate
auto	n	automobile	gold_candidate
auto	n	vettura	gold_candidate
auto	n	mezzo	gold_candidate
avviare	v	intraprendere	gold_candidate
avviare	v	innescare	gold_candidate
avviare	v	iniziare	gold_candidate
avviare	v	dare il via	gold_candidate
avviare	v	indirizzare	gold_candidate
avviare	v	preparare	gold_candidate
avviare	v	incamminare	gold_candidate
avviare	v	dirigere	gold_candidate
avviare	v	muovere	gold_candidate
avviare	v	intentare	gold_candidate
avviare	v	fare	gold_candidate
avviare	v	cominciare	gold_candidate
avviare	v	predisporre	gold_candidate
avviare	v	aprire	gold_candidate
avviare	v	attivare	gold_candidate
basso	a	scarso	gold_candidate
basso	a	limitato	gold_candidate
basso	a	ristretto	gold_candidate
basso	a	piccolo	gold_candidate
basso	a	esiguo	gold_candidate
basso	a	moderato	gold_candidate
basso	a	contenuto	gold_candidate
basso	a	corto	gold_candidate
basso	a	ridotto	gold_candidate
basso	a	modesto	gold_candidate
basso	a	sleale	gold_candidate
basso	a	modesta	gold_candidate
bene	r	senza problema	gold_candidate
bene	r	rettamente	gold_candidate
bene	r	positivamente	gold_candidate
bene	r	onestamente	gold_candidate
bene	r	con sicurezza	gold_candidate
bene	r	adeguatamente	gold_candidate
bene	r	a modo	gold_candidate
bene	r	addirittura	gold_candidate
bene	r	nientemeno che	gold_candidate
bene	r	molto	gold_candidate
bene	r	assolutamente	gold_candidate
bene	r	sicuramente	gold_candidate
bene	r	decisamente	gold_candidate
bene	r	certo	gold_candidate
bene	r	opportunamente	gold_candidate
bene	r	giustamente	gold_candidate
bene	r	ampiamente	gold_candidate
bene	r	assai	gold_candidate
bene	r	attentamente	gold_candidate
bene	r	sufficientemente	gold_candidate
bene	r	correttamente	gold_candidate
bene	r	accuratamente	gold_candidate
buono	a	preparato	gold_candidate
buono	a	soddisfacente	gold_candidate
buono	a	piacevole	gold_candidate
buono	a	gradevole	gold_candidate
buono	a	capace	gold_candidate
buono	a	bravo	gold_candidate
buono	a	notevole	gold_candidate
buono	a	efficiente	gold_candidate
buono	a	conveniente	gold_candidate
buono	a	valido	gold_candidate
buono	a	redditizio	gold_candidate
buono	a	producente	gold_candidate
buono	a	fruttuoso	gold_candidate
buono	a	efficace	gold_candidate
buono	a	adatto	gold_candidate
buono	a	positivo	gold_candidate
buono	a	tanto	gold_candidate
buono	a	maggiore	gold_candidate
buono	a	grande	gold_candidate
buttare	v	gettare	gold_candidate
buttare	v	sprecare	gold_candidate
buttare	v	scagliare	gold_candidate
buttare	v	lanciare	gold_candidate
buttare	v	gettarsi	gold_candidate
buttare	v	scrivere	gold_candidate
buttare	v	abbozzare	gold_candidate
buttare	v	comporre	gold_candidate
buttare	v	sprecato	gold_candidate
buttare	v	perso	gold_candidate
buttare	v	scaraventare	gold_candidate
buttare	v	mettere	gold_candidate
buttare	v	scartare	gold_candidate
buttare	v	eliminare	gold_candidate
buttare	v	cestinare	gold_candidate
buttare	v	buttare via	gold_candidate
buttare	v	screditare	gold_candidate
buttare	v	falciare	gold_candidate
buttare	v	avvilire	gold_candidate
buttare	v	atterrare	gold_candidate
buttare	v	tirare	gold_candidate
buttare	v	indebolire	gold_candidate
buttare	v	abbandonare	gold_candidate
cambiare	v	trasformare	gold_candidate
cambiare	v	modificare	gold_candidate
cambiare	v	mutare	gold_candidate
cambiare	v	tasformare	gold_candidate
cambiare	v	ribaltare	gold_candidate
cambiare	v	trasformato	gold_candidate
cambiare	v	trasformata	gold_candidate
cambiare	v	mutato	gold_candidate
cambiare	v	mutata	gold_candidate
cambiare	v	modificato	gold_candidate
cambiare	v	rinnovare	gold_candidate
cambiare	v	migliorare	gold_candidate
cane	n	animale domestico	gold_candidate
cane	n	animale	gold_candidate
cane	n	amico a quattro zampe	gold_candidate
cane	n	martelletto	gold_candidate
cane	n	bestia	gold_candidate
cane	n	segugio	gold_candidate
cane	n	compagno	gold_candidate
cantare	v	partecipare	gold_candidate
cantare	v	esibirsi	gold_candidate
cantare	v	esibire(si)	gold_candidate
cantare	v	interpretare	gold_candidate
cantare	v	eseguire	gold_candidate
cantare	v	intonare	gold_candidate
cantare	v	canticchiare	gold_candidate
cantare	v	esibire	gold_candidate
capace	a	in grado	gold_candidate
capace	a	atto a	gold_candidate
capace	a	esperto	gold_candidate
capace	a	valido	gold_candidate
capace	a	dotato	gold_candidate
capace	a	competente	gold_candidate
capace	a	abile	gold_candidate
capace	a	pratico	gold_candidate
capace	a	autore	gold_candidate
capace	a	pieno	gold_candidate
caro	a	buono	gold_candidate
caro	a	buonn	gold_candidate
caro	a	gentile	gold_candidate
caro	a	molto	gold_candidate
caro	a	troppo	gold_candidate
caro	a	parecchio	gold_candidate
caro	a	simpatico	gold_candidate
caro	a	buon	gold_candidate
caro	a	beneamato	gold_candidate
carta	n	documento	gold_candidate
carta	n	foglio	gold_candidate
carta	n	pagina	gold_candidate
carta	n	nelle intenzioni	gold_candidate
carta	n	in teoria	gold_candidate
carta	n	possibilita'	gold_candidate
carta	n	mossa	gold_candidate
carta	n	alternativa	gold_candidate
carta	n	fragile	gold_candidate
carta	n	sabbia	gold_candidate
carta	n	inconsistente	gold_candidate
carta	n	effimero	gold_candidate
carta	n	debole	gold_candidate
carta	n	fatto	gold_candidate
carta	n	scartoffia	gold_candidate
carta	n	incartamento	gold_candidate
carta	n	atto	gold_candidate
casa	n	abitazione	gold_candidate
casa	n	residenza	gold_candidate
casa	n	dimora	gold_candidate
casa	n	editore	gold_candidate
casa	n	ditta	gold_candidate
casa	n	famiglia	gold_candidate
casa	n	appartamento	gold_candidate
casa	n	propria abitazione	gold_candidate
casa	n	la propria abitazione	gold_candidate
cassa	n	tasca	gold_candidate
cassa	n	fondo	gold_candidate
cassa	n	fondi	gold_candidate
cassa	n	contenitore	gold_candidate
cassa	n	baule	gold_candidate
cassa	n	scatola	gold_candidate
cassa	n	cassetta	gold_candidate
cassa	n	cassaforte	gold_candidate
cassa	n	incasso	gold_candidate
cassa	n	forziere	gold_candidate
cassa	n	sportello	gold_candidate
cattivo	a	brutto	gold_candidate
cattivo	a	pessimo	gold_candidate
cattivo	a	scadente	gold_candidate
cattivo	a	sbagliato	gold_candidate
cattivo	a	inetto	gold_candidate
cattivo	a	inefficace	gold_candidate
cattivo	a	negativo	gold_candidate
cattivo	a	errato	gold_candidate
cattivo	a	svantaggioso	gold_candidate
cattivo	a	sfavorevole	gold_candidate
cattivo	a	sconveniente	gold_candidate
cavallo	n	successo	gold_candidate
cavallo	n	meta'	gold_candidate
cavallo	n	confine	gold_candidate
cavallo	n	compreso	gold_candidate
cavallo	n	cavallo vapore	gold_candidate
cavallo	n	animale	gold_candidate
cavallo	n	esponente	gold_candidate
cavallo	n	stallone	gold_candidate
chiaro	a	trasparente	gold_candidate
chiaro	a	evidente	gold_candidate
chiaro	a	esplicito	gold_candidate
chiaro	a	aperto	gold_candidate
chiaro	a	deciso	gold_candidate
chiaro	a	preciso	gold_candidate
chiaro	a	determinato	gold_candidate
chiaro	a	noto	gold_candidate
chiaro	a	definito	gold_candidate
chiaro	a	certo	gold_candidate
chiaro	a	ovvio	gold_candidate
chiaro	a	normale	gold_candidate
chiaro	a	lampante	gold_candidate
chiaro	a	risalto	gold_candidate
chiaro	a	luce	gold_candidate
chiaro	a	evidenza	gold_candidate
chiudere	v	terminare	gold_candidate
chiudere	v	concludersi	gold_candidate
chiudere	v	concludere	gold_candidate
chiudere	v	finire	gold_candidate
chiudere	v	interrompere	gold_candidate
chiudere	v	nascosto	gold_candidate
chiudere	v	imprigionare	gold_candidate
cioe'	r	ossia	gold_candidate
cioe'	r	vale a dire	gold_candidate
cioe'	r	ovvero	gold_candidate
cioe'	r	pertanto	gold_candidate
cioe'	r	percio'	gold_candidate
cioe'	r	dunque	gold_candidate
cioe'	r	ovverosia	gold_candidate
cioe'	r	piuttosto	gold_candidate
cioe'	r	effettivamente	gold_candidate
cioe'	r	in effetti	gold_candidate
cioe'	r	in altre parole	gold_candidate
circa	r	quasi	gold_candidate
circa	r	pressappoco	gold_candidate
circa	r	pressapoco	gold_candidate
circa	r	piu' o meno	gold_candidate
circa	r	indicativamente	gold_candidate
circa	r	approssimativamente	gold_candidate
circa	r	all'incirca	gold_candidate
circa	r	grosso modo	gold_candidate
circa	r	approsimativamente	gold_candidate
circa	r	incirca	gold_candidate
circa	r	su per giu'	gold_candidate
circa	r	orientativamente	gold_candidate
classe	n	ceto	gold_candidate
classe	n	categoria	gold_candidate
classe	n	gruppo	gold_candidate
classe	n	casta	gold_candidate
classe	n	politici	gold_candidate
classe	n	mondo	gold_candidate
classe	n	dirigenza	gold_candidate
classe	n	tipo	gold_candidate
classe	n	serie	gold_candidate
classe	n	rango	gold_candidate
classe	n	ceto sociale	gold_candidate
classe	n	suddivisione	gold_candidate
classe	n	sezione	gold_candidate
classe	n	raggruppamento	gold_candidate
classe	n	stile	gold_candidate
classe	n	raffinatezza	gold_candidate
classe	n	finezza	gold_candidate
classe	n	eleganza	gold_candidate
classe	n	fascia	gold_candidate
collegare	v	mettere in relazione	gold_candidate
collegare	v	legare	gold_candidate
collegare	v	connettere	gold_candidate
collegare	v	associare	gold_candidate
collegare	v	riportare	gold_candidate
collegare	v	riallacciare	gold_candidate
collegare	v	correlare	gold_candidate
collegare	v	unire	gold_candidate
collegare	v	mettere in contatto	gold_candidate
collegare	v	accordare	gold_candidate
collegare	v	legato	gold_candidate
collegare	v	connesso	gold_candidate
collegare	v	congiungere	gold_candidate
collegare	v	allacciare	gold_candidate
collegare	v	associato	gold_candidate
collegare	v	associate	gold_candidate
collegare	v	affiliato	gold_candidate
collegare	v	mettere in comunicazione	gold_candidate
collegare	v	rifare	gold_candidate
collegare	v	essere in relazione	gold_candidate
collocare	v	porsi	gold_candidate
collocare	v	porre	gold_candidate
collocare	v	inserire	gold_candidate
collocare	v	disporre	gold_candidate
collocare	v	sistemare	gold_candidate
collocare	v	vendere?	gold_candidate
collocare	v	distribuire	gold_candidate
collocare	v	mettere	gold_candidate
collocare	v	situare	gold_candidate
collocare	v	situato	gold_candidate
collocare	v	presentare	gold_candidate
collocare	v	piazzare	gold_candidate
collocare	v	disporsi	gold_candidate
collocare	v	posto	gold_candidate
collocare	v	disposto	gold_candidate
collocare	v	iscrivere	gold_candidate
colpire	v	ferire	gold_candidate
colpire	v	centrare	gold_candidate
colpire	v	impressionare	gold_candidate
colpire	v	stupito	gold_candidate
colpire	v	meravigliare	gold_candidate
colpire	v	entusiasmare	gold_candidate
colpire	v	prendere	gold_candidate
colpire	v	cogliere	gold_candidate
colpire	v	travolgere	gold_candidate
colpire	v	opprimere	gold_candidate
colpire	v	affliggere	gold_candidate
colpire	v	urtare	gold_candidate
colpire	v	investire	gold_candidate
colpire	v	sorprendere	gold_candidate
colpire	v	danneggiare	gold_candidate
colpire	v	sconvolgere	gold_candidate
colpire	v	raggiungere	gold_candidate
colpire	v	infettare	gold_candidate
colpire	v	contagiare	gold_candidate
colpire	v	smuovere	gold_candidate
colpire	v	scuotere	gold_candidate
colpire	v	modificare	gold_candidate
colpire	v	intaccare	gold_candidate
compiere	v	fare	gold_candidate
compiere	v	festeggiare	gold_candidate
compiere	v	avere	gold_candidate
compiere	v	osare	gold_candidate
compiere	v	commettere	gold_candidate
compiere	v	lanciare	gold_candidate
compiere	v	effettuare	gold_candidate
compiere	v	realizzare	gold_candidate
compiere	v	portare	gold_candidate
compiere	v	operare	gold_candidate
compiere	v	condurre	gold_candidate
compiere	v	svolgere	gold_candidate
compiere	v	eseguire	gold_candidate
compiere	v	completare	gold_candidate
compiere	v	finire	gold_candidate
compiere	v	esprimere	gold_candidate
compiere	v	completo	gold_candidate
compiere	v	ultimare	gold_candidate
compiere	v	terminare	gold_candidate
compiere	v	portare a termine	gold_candidate
compiere	v	concludere	gold_candidate
complesso	a	difficile	gold_candidate
complesso	a	lungo	gold_candidate
complesso	a	complicato	gold_candidate
complesso	a	elaborato	gold_candidate
complesso	a	articolato	gold_candidate
complesso	a	intricato	gold_candidate
complesso	a	tortuoso	gold_candidate
complesso	a	problematico	gold_candidate
complesso	a	composito	gold_candidate
complesso	a	spinoso	gold_candidate
completo	a	finito	gold_candidate
completo	a	definito	gold_candidate
completo	a	definitivo	gold_candidate
completo	a	totale	gold_candidate
completo	a	integrale	gold_candidate
completo	a	complessivo	gold_candidate
completo	a	perfetto	gold_candidate
completo	a	maturo	gold_candidate
completo	a	compiuto	gold_candidate
completo	a	intero	gold_candidate
completo	a	pieno	gold_candidate
completo	a	assoluto	gold_candidate
completo	a	incluso	gold_candidate
completo	a	coordinato	gold_candidate
composizione	n	struttura	gold_candidate
composizione	n	articolazione	gold_candidate
composizione	n	elaborazione	gold_candidate
composizione	n	organizzazione	gold_candidate
composizione	n	costituzione	gold_candidate
composizione	n	strutturazione	gold_candidate
composizione	n	creazione	gold_candidate
composizione	n	accordo	gold_candidate
composizione	n	distribuzione	gold_candidate
comunque	r	tuttavia	gold_candidate
comunque	r	in ogni caso	gold_candidate
comunque	r	sicuramente	gold_candidate
comunque	r	di sicuro	gold_candidate
comunque	r	certamente	gold_candidate
comunque	r	ad ogni modo	gold_candidate
comunque	r	pero'	gold_candidate
comunque	r	certo	gold_candidate
comunque	r	in ogni modo	gold_candidate
comunque	r	lo stesso	gold_candidate
comunque	r	ugualmente	gold_candidate
condizione	n	situazione	gold_candidate
condizione	n	presupposto	gold_candidate
condizione	n	vincolo	gold_candidate
condizione	n	regola	gold_candidate
condizione	n	clausola	gold_candidate
condizione	n	stato	gold_candidate
condizione	n	restrizione	gold_candidate
condizione	n	obbligo	gold_candidate
condizione	n	circostanza	gold_candidate
condurre	v	sostenere	gold_candidate
condurre	v	portare avanti	gold_candidate
condurre	v	portare a termine	gold_candidate
condurre	v	intraprendere	gold_candidate
condurre	v	iniziare	gold_candidate
condurre	v	portare	gold_candidate
condurre	v	far arrivare	gold_candidate
condurre	v	trascorrere	gold_candidate
condurre	v	vivere	gold_candidate
condurre	v	realizzare	gold_candidate
condurre	v	gestire	gold_candidate
condurre	v	fare	gold_candidate
condurre	v	eseguire	gold_candidate
condurre	v	dirigere	gold_candidate
condurre	v	muovere	gold_candidate
condurre	v	collegare	gold_candidate
condurre	v	guidare	gold_candidate
condurre	v	manovrare	gold_candidate
consegnare	v	dare	gold_candidate
consegnare	v	recapitare	gold_candidate
consegnare	v	depositare	gold_candidate
consegnare	v	affidare	gold_candidate
consegnare	v	fornire	gold_candidate
consegnare	v	assegnare	gold_candidate
consegnare	v	portare	gold_candidate
consegnare	v	redigere	gold_candidate
consegnare	v	riconsegnare	gold_candidate
consegnare	v	compilare	gold_candidate
consegnare	v	Dare	gold_candidate
consegnare	v	lasciare	gold_candidate
consegnare	v	passare	gold_candidate
consegnare	v	dedicare	gold_candidate
consegnare	v	affidarsi	gold_candidate
conseguenza	n	percio'	gold_candidate
conseguenza	n	risvolto	gold_candidate
conseguenza	n	risultato	gold_candidate
conseguenza	n	ripercussione	gold_candidate
conseguenza	n	esito	gold_candidate
conseguenza	n	effetto	gold_candidate
conseguenza	n	conseguentemente	gold_candidate
conseguenza	n	riflesso	gold_candidate
conseguenza	n	eco	gold_candidate
conseguenza	n	danno	gold_candidate
conseguenza	n	conclusione	gold_candidate
considerare	v	ritenere	gold_candidate
considerare	v	reputare	gold_candidate
considerare	v	pensare	gold_candidate
considerare	v	valutarsi	gold_candidate
considerare	v	valutare	gold_candidate
considerare	v	osservare	gold_candidate
considerare	v	vedere	gold_candidate
considerare	v	prendere in considerazione	gold_candidate
considerare	v	giudicare	gold_candidate
considerare	v	vagliare	gold_candidate
considerare	v	prese in esame	gold_candidate
considerare	v	prese in considerazione	gold_candidate
considerare	v	esaminare	gold_candidate
consumare	v	prendere	gold_candidate
consumare	v	assumere	gold_candidate
consumare	v	ingerire	gold_candidate
consumare	v	compiere	gold_candidate
consumare	v	portare a termine	gold_candidate
consumare	v	perpetrare	gold_candidate
consumare	v	attuare	gold_candidate
consumare	v	spendere	gold_candidate
consumare	v	ridurre	gold_candidate
consumare	v	logorare	gold_candidate
consumare	v	impiegare	gold_candidate
consumare	v	avere	gold_candidate
consumare	v	comprare	gold_candidate
consumare	v	utilizzare	gold_candidate
consumare	v	usare	gold_candidate
consumare	v	adoperare	gold_candidate
contenere	v	presente	gold_candidate
contenere	v	includere	gold_candidate
contenere	v	considerato	gold_candidate
contenere	v	compreso	gold_candidate
contenere	v	racchiudere	gold_candidate
contenere	v	trattare	gold_candidate
contenere	v	trattato	gold_candidate
contenere	v	indicato	gold_candidate
contenere	v	incluso	gold_candidate
contenere	v	previsto	gold_candidate
contenere	v	indicare	gold_candidate
contenere	v	descrivere	gold_candidate
contenere	v	definire	gold_candidate
contenere	v	accogliere	gold_candidate
contenere	v	avere	gold_candidate
contenere	v	comprendere	gold_candidate
contenere	v	ridurre	gold_candidate
contenere	v	limitare	gold_candidate
contenere	v	raccogliere	gold_candidate
cosa	n	azione	gold_candidate
cosa	n	che	gold_candidate
cosa	n	quello che	gold_candidate
cosa	n	cio' che	gold_candidate
cosa	n	cio'	gold_candidate
cosa	n	questione	gold_candidate
cosa	n	problema	gold_candidate
cosa	n	fatto	gold_candidate
cosa	n	faccenda	gold_candidate
cosi'	r	tanto	gold_candidate
cosi'	r	talmente	gold_candidate
cosi'	r	quindi	gold_candidate
cosi'	r	percio'	gold_candidate
cosi'	r	dunque	gold_candidate
cosi'	r	alla fine	gold_candidate
cosi'	r	in questo modo	gold_candidate
cosi'	r	in tal modo	gold_candidate
cosi'	r	tale	gold_candidate
costante	a	continuo	gold_candidate
costante	a	regolare	gold_candidate
costante	a	persistente	gold_candidate
costante	a	uguale	gold_candidate
costante	a	stabile	gold_candidate
costante	a	invariato	gold_candidate
costante	a	fisso	gold_candidate
costante	a	tenace	gold_candidate
costante	a	perseverante	gold_candidate
costante	a	continuato	gold_candidate
costante	a	assiduo	gold_candidate
costante	a	crescente	gold_candidate
costante	a	uniforme	gold_candidate
costante	a	inalterato	gold_candidate
costante	a	immutato	gold_candidate
costruire	v	fare	gold_candidate
costruire	v	creare	gold_candidate
costruire	v	comporre	gold_candidate
costruire	v	ideare	gold_candidate
costruire	v	montare	gold_candidate
costruire	v	formare	gold_candidate
costruire	v	rifare	gold_candidate
costruire	v	fabbricare	gold_candidate
costruire	v	edificare	gold_candidate
costruire	v	ricostruire	gold_candidate
costruire	v	disegnare	gold_candidate
costruire	v	delineare	gold_candidate
costruire	v	fondare	gold_candidate
costruire	v	instaurare	gold_candidate
costruire	v	basare	gold_candidate
costruire	v	progettare	gold_candidate
costruire	v	produrre	gold_candidate
cura	n	per opera di	gold_candidate
cura	n	premura	gold_candidate
cura	n	riguardo	gold_candidate
cura	n	considerazione	gold_candidate
cura	n	attenzione	gold_candidate
cura	n	clinica	gold_candidate
cura	n	trattamento	gold_candidate
cura	n	terapia	gold_candidate
cura	n	dedizione	gold_candidate
cura	n	impegno	gold_candidate
cura	n	gestione	gold_candidate
cura	n	rimedio	gold_candidate
cura	n	opera	gold_candidate
davvero	r	realmente	gold_candidate
davvero	r	veramente	gold_candidate
davvero	r	proprio	gold_candidate
davvero	r	sul serio	gold_candidate
davvero	r	effettivamente	gold_candidate
davvero	r	molto	gold_candidate
debole	a	fragile	gold_candidate
debole	a	molle	gold_candidate
debole	a	delicato	gold_candidate
debole	a	stanco	gold_candidate
debole	a	indebolito	gold_candidate
debole	a	fiacco	gold_candidate
debole	a	abbattuto	gold_candidate
debole	a	remissivo	gold_candidate
debole	a	irresoluto	gold_candidate
debole	a	insicuro	gold_candidate
debole	a	indeciso	gold_candidate
debole	a	incerto	gold_candidate
debole	a	cedevole	gold_candidate
debole	a	a rischio	gold_candidate
debole	a	carente	gold_candidate
debole	a	critico	gold_candidate
debole	a	insoddisfacente	gold_candidate
debole	a	scarso	gold_candidate
debole	a	instabile	gold_candidate
debole	a	basso	gold_candidate
deciso	a	determinato	gold_candidate
deciso	a	convinto	gold_candidate
deciso	a	sicuro	gold_candidate
deciso	a	fermo	gold_candidate
deciso	a	energico	gold_candidate
deciso	a	forte	gold_candidate
deciso	a	risoluto	gold_candidate
deciso	a	intenso	gold_candidate
deciso	a	netto	gold_candidate
deciso	a	accentuato	gold_candidate
difficile	a	raro	gold_candidate
difficile	a	strano	gold_candidate
difficile	a	improbabile	gold_candidate
difficile	a	complicato	gold_candidate
difficile	a	sofferto	gold_candidate
difficile	a	problematico	gold_candidate
difficile	a	difficoltoso	gold_candidate
difficile	a	arduo	gold_candidate
difficile	a	complesso	gold_candidate
difficile	a	preoccupante	gold_candidate
difficile	a	impegnativo	gold_candidate
difficile	a	duro	gold_candidate
difficile	a	grave	gold_candidate
difficile	a	lento	gold_candidate
difficile	a	faticoso	gold_candidate
difficile	a	critico	gold_candidate
difficile	a	gravoso	gold_candidate
direzione	n	verso	gold_candidate
direzione	n	senso	gold_candidate
direzione	n	ambito	gold_candidate
direzione	n	ambiente	gold_candidate
direzione	n	dirigenza	gold_candidate
direzione	n	gruppo dirigente	gold_candidate
direzione	n	del vertice	gold_candidate
direzione	n	indirizzo	gold_candidate
direzione	n	direttrice	gold_candidate
direzione	n	ufficio	gold_candidate
direzione	n	percorso	gold_candidate
direzione	n	orientamento	gold_candidate
direzione	n	vertice	gold_candidate
direzione	n	responsabile	gold_candidate
direzione	n	gruppo direttivo	gold_candidate
direzione	n	direttorio	gold_candidate
discorso	n	trattazione	gold_candidate
discorso	n	risposta	gold_candidate
discorso	n	messaggio	gold_candidate
discorso	n	intervento	gold_candidate
discorso	n	dibattito	gold_candidate
discorso	n	sproloquio	gold_candidate
discorso	n	riflessione	gold_candidate
discorso	n	ragionamento	gold_candidate
discorso	n	esposizione	gold_candidate
discorso	n	conversazione	gold_candidate
discorso	n	colloquio	gold_candidate
discorso	n	argomentazione	gold_candidate
discorso	n	problema	gold_candidate
discorso	n	tema	gold_candidate
discorso	n	questione	gold_candidate
discorso	n	fatto	gold_candidate
discorso	n	fattore	gold_candidate
discutere	v	trattare	gold_candidate
discutere	v	valutare	gold_candidate
discutere	v	presentare	gold_candidate
discutere	v	prendere in esame	gold_candidate
discutere	v	considerare	gold_candidate
discutere	v	prendere in considerazione	gold_candidate
discutere	v	esaminare	gold_candidate
discutere	v	disquisito	gold_candidate
discutere	v	dibattuto	gold_candidate
discutere	v	vagliato	gold_candidate
discutere	v	parlare	gold_candidate
discutere	v	trovare in disaccordo	gold_candidate
discutere	v	analizzare	gold_candidate
discutere	v	vagliare	gold_candidate
discutere	v	disquisire	gold_candidate
discutere	v	chiacchierare	gold_candidate
discutere	v	trattato	gold_candidate
discutere	v	parlato	gold_candidate
ecco	r	vedere	gold_candidate
ecco	r	sembrare	gold_candidate
ecco	r	questo	gold_candidate
ecco	r	di seguito	gold_candidate
ecco	r	esserci	gold_candidate
ecco	r	ora	gold_candidate
esaltare	v	elogiare	gold_candidate
esaltare	v	lodare	gold_candidate
esaltare	v	celebrare	gold_candidate
esaltare	v	valorizzare	gold_candidate
esaltare	v	omaggiare	gold_candidate
esaltare	v	magnificare	gold_candidate
esaltare	v	onorare	gold_candidate
esaltare	v	entusiasmante	gold_candidate
esaltare	v	incoraggiante	gold_candidate
esaltare	v	eccitante	gold_candidate
esaltare	v	appassionante	gold_candidate
esaltare	v	evidenziare	gold_candidate
esaltare	v	sottolineare	gold_candidate
esaltare	v	mettere in evidenza	gold_candidate
esaltare	v	accentuare	gold_candidate
esaltare	v	decantare	gold_candidate
esaltare	v	innalzato	gold_candidate
esaltare	v	innalzare	gold_candidate
esaltare	v	accrescere	gold_candidate
esame	n	vaglio	gold_candidate
esame	n	analisi	gold_candidate
esame	n	questione	gold_candidate
esame	n	prova	gold_candidate
esame	n	indagine	gold_candidate
esame	n	studio	gold_candidate
esame	n	osservazione	gold_candidate
esame	n	controllo	gold_candidate
esame	n	trattamento	gold_candidate
esame	n	test	gold_candidate
esame	n	verifica	gold_candidate
esame	n	disamina	gold_candidate
esame	n	attenzione	gold_candidate
esame	n	considerazione	gold_candidate
esame	n	valutazione	gold_candidate
esame	n	revisione	gold_candidate
facile	a	semplice	gold_candidate
facile	a	banale	gold_candidate
facile	a	agevole	gold_candidate
facile	a	superficiale	gold_candidate
facile	a	prevedibile	gold_candidate
facile	a	sicuro	gold_candidate
facile	a	gestibile	gold_candidate
facile	a	tranquillo	gold_candidate
facile	a	elementare	gold_candidate
facile	a	lieve	gold_candidate
facile	a	sereno	gold_candidate
fare	v	procurarsi	gold_candidate
fare	v	ottenere	gold_candidate
fare	v	essere	gold_candidate
fare	v	causare	gold_candidate
fare	v	compiere	gold_candidate
fare	v	attuare	gold_candidate
fare	v	irrompere	gold_candidate
fare	v	entrare	gold_candidate
fare	v	avanzare	gold_candidate
fare	v	proporre	gold_candidate
fare	v	presentare	gold_candidate
fare	v	preparare	gold_candidate
fare	v	costituire	gold_candidate
fare	v	provocare	gold_candidate
fare	v	agire	gold_candidate
farmaco	n	medicinale	gold_candidate
farmaco	n	medicina	gold_candidate
farmaco	n	rimedio	gold_candidate
favorevole	a	daccordo	gold_candidate
favorevole	a	bendisposto	gold_candidate
favorevole	a	a favore	gold_candidate
favorevole	a	positivo	gold_candidate
favorevole	a	vantaggioso	gold_candidate
favorevole	a	propizio	gold_candidate
favorevole	a	felice	gold_candidate
favorevole	a	buono	gold_candidate
favorevole	a	incline	gold_candidate
favorevole	a	adatto	gold_candidate
favorevole	a	propenso	gold_candidate
favorevole	a	conveniente	gold_candidate
fermare	v	bloccare	gold_candidate
fermare	v	mettere a riposo	gold_candidate
fermare	v	arrestare	gold_candidate
fermare	v	porre fine a	gold_candidate
fermare	v	finire	gold_candidate
fermare	v	chiudere	gold_candidate
fermare	v	cessare	gold_candidate
fermare	v	trattenere	gold_candidate
fermare	v	stoppare	gold_candidate
fermare	v	frenare	gold_candidate
fermare	v	arrestarsi	gold_candidate
fermare	v	trattenersi	gold_candidate
fermare	v	intrattenere	gold_candidate
fermare	v	rallentare	gold_candidate
fermare	v	interrompere	gold_candidate
fermo	a	statico	gold_candidate
fermo	a	bloccato	gold_candidate
fermo	a	bloccare	gold_candidate
fermo	a	stabile	gold_candidate
fermo	a	deciso	gold_candidate
fermo	a	irremovibile	gold_candidate
fermo	a	immobile	gold_candidate
fermo	a	inattivo	gold_candidate
figura	n	immagine	gold_candidate
figura	n	persona	gold_candidate
figura	n	struttura	gold_candidate
figura	n	impressione	gold_candidate
figura	n	figuraccia	gold_candidate
figura	n	personalita'	gold_candidate
figura	n	ruolo	gold_candidate
figura	n	forma	gold_candidate
figura	n	linea	gold_candidate
figura	n	corpo	gold_candidate
figura	n	aspetto	gold_candidate
figura	n	concetto	gold_candidate
figura	n	rappresentazione	gold_candidate
figura	n	parte	gold_candidate
finalmente	r	infine	gold_candidate
finalmente	r	una buona volta	gold_candidate
finalmente	r	alla fine	gold_candidate
finalmente	r	ora	gold_candidate
finire	v	andare	gold_candidate
finire	v	trovarsi	gold_candidate
finire	v	terminare	gold_candidate
finire	v	concludere	gold_candidate
finire	v	chiudere	gold_candidate
finire	v	ultimare	gold_candidate
finire	v	portare a termine	gold_candidate
finire	v	arrivare a	gold_candidate
finire	v	scemare	gold_candidate
finire	v	concludersi	gold_candidate
finire	v	cessare	gold_candidate
finire	v	smettere	gold_candidate
forte	a	solido	gold_candidate
forte	a	intenso	gold_candidate
forte	a	influente	gold_candidate
forte	a	importante	gold_candidate
forte	a	efficace	gold_candidate
forte	a	autorevole	gold_candidate
forte	a	notevole	gold_candidate
forte	a	duro	gold_candidate
forte	a	considerevole	gold_candidate
forte	a	resistente	gold_candidate
forte	a	robusto	gold_candidate
forte	a	potente	gold_candidate
forte	a	grande	gold_candidate
forte	a	rilevante	gold_candidate
forte	a	pesante	gold_candidate
forte	a	grosso	gold_candidate
forte	a	abile	gold_candidate
forte	a	in forma	gold_candidate
forte	a	esperta	gold_candidate
forte	a	dotato	gold_candidate
forte	a	capace	gold_candidate
forte	a	bravo	gold_candidate
forte	a	impaziente	gold_candidate
forte	a	eccitante	gold_candidate
freddo	a	distaccato	gold_candidate
freddo	a	flemmatico	gold_candidate
freddo	a	controllato	gold_candidate
freddo	a	insensibile	gold_candidate
freddo	a	indifferente	gold_candidate
freddo	a	di ghiaccio	gold_candidate
freddo	a	ghiaccio	gold_candidate
freddo	a	gelido	gold_candidate
freddo	a	gelato	gold_candidate
freddo	a	fresco	gold_candidate
freddo	a	inospitale	gold_candidate
freddo	a	grigio	gold_candidate
freddo	a	arido	gold_candidate
freddo	a	arida	gold_candidate
freddo	a	anonimo	gold_candidate
freddo	a	sfacciataggine	gold_candidate
freddo	a	lucidita'	gold_candidate
freddo	a	calma	gold_candidate
frutto	n	conseguenza	gold_candidate
frutto	n	risultato	gold_candidate
frutto	n	prodotto	gold_candidate
frutto	n	figlio	gold_candidate
frutto	n	effetto	gold_candidate
frutto	n	vantaggio	gold_candidate
frutto	n	esito	gold_candidate
frutto	n	ricavo	gold_candidate
frutto	n	guadagno	gold_candidate
frutto	n	ricavato	gold_candidate
frutto	n	profitto	gold_candidate
frutto	n	utile	gold_candidate
generale	a	generico	gold_candidate
generale	a	genericamente	gold_candidate
generale	a	di massima	gold_candidate
generale	a	globale	gold_candidate
generale	a	fondamentale	gold_candidate
generale	a	basilare	gold_candidate
gia'	r	certo	gold_candidate
gia'	r	vero	gold_candidate
gia'	r	appunto	gold_candidate
gia'	r	ormai	gold_candidate
gia'	r	prima	gold_candidate
gia'	r	di per se'	gold_candidate
gia'	r	in un primo momento	gold_candidate
gia'	r	fin da adesso	gold_candidate
gia'	r	fin d'ora	gold_candidate
gia'	r	precedentemente	gold_candidate
gia'	r	in passato	gold_candidate
gioco	n	trattarsi	gold_candidate
gioco	n	svago	gold_candidate
gioco	n	piano	gold_candidate
gioco	n	giocata	gold_candidate
gioco	n	azione	gold_candidate
gioco	n	partita	gold_candidate
gioco	n	svago?	gold_candidate
gioco	n	scherzo?	gold_candidate
gioco	n	scherzo	gold_candidate
gioco	n	passatempo?	gold_candidate
gioco	n	passatempo	gold_candidate
gioco	n	divertimento	gold_candidate
gioco	n	rischiare	gold_candidate
gioco	n	esporsi	gold_candidate
gioco	n	trattativa	gold_candidate
gioco	n	riunione	gold_candidate
gioco	n	incontro	gold_candidate
giornale	n	quotidiano	gold_candidate
giornale	n	organo di stampa	gold_candidate
giornale	n	testata giornalistica	gold_candidate
giornale	n	giornalista	gold_candidate
giornale	n	rivista	gold_candidate
giornale	n	articolo	gold_candidate
giornale	n	testata	gold_candidate
giornale	n	redazione	gold_candidate
grande	a	immenso	gold_candidate
grande	a	smisurato	gold_candidate
grande	a	spettacolare	gold_candidate
grande	a	rivoluzionario	gold_candidate
grande	a	grosso	gold_candidate
grande	a	grandioso	gold_candidate
grande	a	famoso	gold_candidate
grande	a	straordinario	gold_candidate
grande	a	eccellente	gold_candidate
grande	a	notevole	gold_candidate
grande	a	importante	gold_candidate
grande	a	molteplice	gold_candidate
grande	a	interessante	gold_candidate
grande	a	enorme	gold_candidate
grande	a	ampio	gold_candidate
grande	a	vasto	gold_candidate
grande	a	largo	gold_candidate
grande	a	impellente	gold_candidate
grande	a	elevato	gold_candidate
grande	a	considerevole	gold_candidate
grande	a	alto	gold_candidate
grande	a	imponente	gold_candidate
grande	a	soverchiante	gold_candidate
grave	a	serio	gold_candidate
grave	a	pericoloso	gold_candidate
grave	a	grande	gold_candidate
grave	a	terribile	gold_candidate
grave	a	profondo	gold_candidate
grave	a	pesante	gold_candidate
grave	a	doloroso	gold_candidate
grave	a	preoccupante	gold_candidate
grave	a	importante	gold_candidate
grave	a	inadeguato	gold_candidate
grave	a	notevole	gold_candidate
grave	a	duro	gold_candidate
grave	a	difficile	gold_candidate
grave	a	grosso	gold_candidate
grave	a	fondato	gold_candidate
gridare	v	urlare	gold_candidate
gridare	v	strillare	gold_candidate
gridare	v	sostenere	gold_candidate
gridare	v	proclamare	gold_candidate
gridare	v	affermare	gold_candidate
gridare	v	esclamare	gold_candidate
gridare	v	acclamare	gold_candidate
grosso	a	grande	gold_candidate
grosso	a	immenso	gold_candidate
grosso	a	enorme	gold_candidate
grosso	a	importante	gold_candidate
grosso	a	all'incirca	gold_candidate
grosso	a	lungo	gold_candidate
grosso	a	circa	gold_candidate
grosso	a	profondo	gold_candidate
grosso	a	protestare	gold_candidate
grosso	a	duro	gold_candidate
grosso	a	farsi valere	gold_candidate
grosso	a	grave	gold_candidate
grosso	a	robusto	gold_candidate
grosso	a	massiccio	gold_candidate
gruppo	n	societa'	gold_candidate
gruppo	n	complesso	gold_candidate
gruppo	n	compagnia	gold_candidate
gruppo	n	azienda	gold_candidate
gruppo	n	band	gold_candidate
gruppo	n	associazione	gold_candidate
gruppo	n	squadra	gold_candidate
gruppo	n	fazione	gold_candidate
immagine	n	nomea	gold_candidate
immagine	n	idea	gold_candidate
immagine	n	icona	gold_candidate
immagine	n	fama	gold_candidate
immagine	n	etichetta	gold_candidate
immagine	n	simbolo	gold_candidate
immagine	n	scena	gold_candidate
immagine	n	rappresentazione	gold_candidate
immagine	n	parvenza	gold_candidate
immagine	n	visione	gold_candidate
immagine	n	fotografia	gold_candidate
immagine	n	foto	gold_candidate
immagine	n	figura	gold_candidate
immagine	n	illustrazione	gold_candidate
immagine	n	fotogramma	gold_candidate
immagine	n	riproduzione	gold_candidate
immagine	n	raffigurazione	gold_candidate
immagine	n	sequenza	gold_candidate
immagine	n	ripresa	gold_candidate
immagine	n	filmato	gold_candidate
immediato	a	istantaneo	gold_candidate
immediato	a	tempestivo	gold_candidate
immediato	a	rapido	gold_candidate
immediato	a	diretto	gold_candidate
immediato	a	veloce	gold_candidate
immediato	a	sul momento	gold_candidate
immediato	a	pronto	gold_candidate
immediato	a	repentino	gold_candidate
immediato	a	vicino	gold_candidate
importante	a	di rilievo	gold_candidate
importante	a	fondamentale	gold_candidate
importante	a	di un certo spessore	gold_candidate
importante	a	ragguardevole	gold_candidate
importante	a	prestigioso	gold_candidate
importante	a	notevole	gold_candidate
importante	a	grande	gold_candidate
importante	a	forte	gold_candidate
importante	a	considerevole	gold_candidate
importante	a	significativo	gold_candidate
importante	a	serio	gold_candidate
importante	a	rilevante	gold_candidate
importante	a	indispensabile	gold_candidate
importante	a	essenziale	gold_candidate
importante	a	influente	gold_candidate
importante	a	interessante	gold_candidate
importante	a	utile	gold_candidate
importante	a	di un certo rilievo	gold_candidate
importante	a	consistente	gold_candidate
includere	v	comprendere	gold_candidate
includere	v	inglobare	gold_candidate
includere	v	contemplare	gold_candidate
includere	v	contare	gold_candidate
includere	v	implicare	gold_candidate
includere	v	integrare	gold_candidate
includere	v	inserire	gold_candidate
includere	v	compreso	gold_candidate
includere	v	anche	gold_candidate
includere	v	incorporare	gold_candidate
infine	r	poi	gold_candidate
infine	r	alla fine	gold_candidate
infine	r	ultimo	gold_candidate
infine	r	ultimamente	gold_candidate
infine	r	per concludere	gold_candidate
infine	r	in ultimo	gold_candidate
infine	r	concludere (concludendo)	gold_candidate
infine	r	per ultimo	gold_candidate
infine	r	finalmente	gold_candidate
infine	r	per finire	gold_candidate
infine	r	in conclusione	gold_candidate
infine	r	insomma	gold_candidate
infine	r	inoltre	gold_candidate
inserire	v	posizionare	gold_candidate
inserire	v	mettere	gold_candidate
inserire	v	collocare	gold_candidate
inserire	v	intromettere	gold_candidate
inserire	v	introdurre	gold_candidate
inserire	v	integrarsi	gold_candidate
inserire	v	insinuare	gold_candidate
inserire	v	fare largo	gold_candidate
inserire	v	infilarsi	gold_candidate
inserire	v	immettere	gold_candidate
inserire	v	porre	gold_candidate
inserire	v	aggiungere	gold_candidate
inserire	v	includere	gold_candidate
inserire	v	trascrivere	gold_candidate
insomma	r	sintetizzare (sintetizzando)	gold_candidate
insomma	r	in sintesi	gold_candidate
insomma	r	in conclusione	gold_candidate
insomma	r	dunque	gold_candidate
insomma	r	in definitiva	gold_candidate
insomma	r	dopotutto	gold_candidate
insomma	r	concludere (concludendo)	gold_candidate
insomma	r	in sostanza	gold_candidate
insomma	r	in fin dei conti	gold_candidate
insomma	r	alla fin fine	gold_candidate
insomma	r	in breve	gold_candidate
insomma	r	per concludere	gold_candidate
insomma	r	allora	gold_candidate
intervenire	v	giungere	gold_candidate
intervenire	v	arrivato	gold_candidate
intervenire	v	arrivare	gold_candidate
intervenire	v	parlare	gold_candidate
intervenire	v	prendere la parola	gold_candidate
intervenire	v	agire	gold_candidate
intervenire	v	pronunciarsi	gold_candidate
intervenire	v	intromettersi	gold_candidate
intervenire	v	interessarsi	gold_candidate
intervenire	v	sopraggiungere	gold_candidate
intervenire	v	partecipare	gold_candidate
intervenire	v	essere presente	gold_candidate
intervenire	v	mettere pace	gold_candidate
intervenire	v	intromettere(si)	gold_candidate
intervenire	v	frapporsi	gold_candidate
intervenire	v	operare	gold_candidate
intervenire	v	irrompere	gold_candidate
intervenire	v	intercedere	gold_candidate
invece	r	purtroppo	gold_candidate
invece	r	al contrario	gold_candidate
invece	r	viceversa	gold_candidate
invece	r	piuttosto	gold_candidate
invece	r	contrariamente	gold_candidate
invece	r	tuttavia	gold_candidate
invece	r	per contro	gold_candidate
invece	r	pero'	gold_candidate
invece	r	opposto	gold_candidate
invece	r	all'	gold_candidate
lasciare	v	parcheggiare	gold_candidate
lasciare	v	abbandonare	gold_candidate
lasciare	v	concedere	gold_candidate
lasciare	v	cedere	gold_candidate
lasciare	v	mantenere	gold_candidate
lasciare	v	tenere	gold_candidate
lasciare	v	fare rimanere	gold_candidate
lasciare	v	conservare	gold_candidate
lasciare	v	partire	gold_candidate
lasciare	v	perdere	gold_candidate
lasciare	v	affidare	gold_candidate
lasciare	v	riservare	gold_candidate
lasciare	v	permettere	gold_candidate
lasciare	v	consentire	gold_candidate
lasciare	v	consegnare	gold_candidate
lasciare	v	dare	gold_candidate
lasciare	v	assegnare	gold_candidate
legge	n	norma	gold_candidate
legge	n	regolamento	gold_candidate
legge	n	regola	gold_candidate
legge	n	normativa	gold_candidate
legge	n	legislazione	gold_candidate
legge	n	direttiva	gold_candidate
legge	n	provvedimento	gold_candidate
legge	n	disposizione	gold_candidate
legno	n	materiale	gold_candidate
legno	n	legname	gold_candidate
legno	n	essenza	gold_candidate
legno	n	ligneo	gold_candidate
legno	n	pianta	gold_candidate
lieve	a	tenue	gold_candidate
lieve	a	leggero	gold_candidate
lieve	a	impercettibile	gold_candidate
lieve	a	semplice	gold_candidate
lieve	a	scarso	gold_candidate
lieve	a	piccolo	gold_candidate
lieve	a	delicato	gold_candidate
lieve	a	debole	gold_candidate
lieve	a	basso	gold_candidate
lieve	a	modesto	gold_candidate
lieve	a	moderato	gold_candidate
lieve	a	modico	gold_candidate
lieve	a	sottile	gold_candidate
limitare	v	ridurre	gold_candidate
limitare	v	restringere	gold_candidate
limitare	v	fermare	gold_candidate
limitare	v	contenere	gold_candidate
limitare	v	ridursi	gold_candidate
limitare	v	frenare	gold_candidate
limitare	v	diminuire	gold_candidate
limitare	v	bloccare	gold_candidate
limitare	v	restringe	gold_candidate
limitare	v	moderare	gold_candidate
limitare	v	ridimensionare	gold_candidate
limitare	v	circoscrivere	gold_candidate
limitare	v	ridotto	gold_candidate
limitare	v	contenuto	gold_candidate
linea	n	tratto	gold_candidate
linea	n	schieramento	gold_candidate
linea	n	posizione	gold_candidate
linea	n	fronte	gold_candidate
linea	n	difesa	gold_candidate
linea	n	armonia	gold_candidate
linea	n	accordo	gold_candidate
linea	n	allineamento	gold_candidate
linea	n	profilo	gold_candidate
linea	n	struttura	gold_candidate
linea	n	forma	gold_candidate
linea	n	aspetto	gold_candidate
linea	n	serie	gold_candidate
linea	n	tipo	gold_candidate
linea	n	riga	gold_candidate
linea	n	produzione	gold_candidate
linea	n	modello	gold_candidate
linea	n	traccia	gold_candidate
linea	n	strategia	gold_candidate
linea	n	rotaia	gold_candidate
linea	n	collegamento	gold_candidate
linea	n	binario	gold_candidate
luogo	n	posto	gold_candidate
luogo	n	in primis	gold_candidate
luogo	n	anzitutto	gold_candidate
luogo	n	poi	gold_candidate
luogo	n	dopo	gold_candidate
luogo	n	territorio	gold_candidate
luogo	n	paese	gold_candidate
luogo	n	localita'	gold_candidate
luogo	n	svolgersi	gold_candidate
luogo	n	sede	gold_candidate
luogo	n	punto	gold_candidate
luogo	n	centro	gold_candidate
luogo	n	terra	gold_candidate
luogo	n	regione	gold_candidate
macchina	n	strumento	gold_candidate
macchina	n	motore	gold_candidate
macchina	n	manovra	gold_candidate
macchina	n	apparato	gold_candidate
macchina	n	stampante	gold_candidate
macchina	n	dispositivo	gold_candidate
macchina	n	auto?	gold_candidate
macchina	n	apparecchio	gold_candidate
macchina	n	auto	gold_candidate
macchina	n	automobile	gold_candidate
macchina	n	apparecchiatura	gold_candidate
macchina	n	??	gold_candidate
macchina	n	macchinario	gold_candidate
magari	r	forse	gold_candidate
magari	r	probabilmente	gold_candidate
magari	r	presumibilmente	gold_candidate
magari	r	semmai	gold_candidate
magari	r	eventualmente	gold_candidate
magari	r	addirittura	gold_candidate
magari	r	talvolta	gold_candidate
magari	r	persino	gold_candidate
magari	r	casomai	gold_candidate
magari	r	al limite	gold_candidate
magari	r	anche	gold_candidate
magari	r	anche se	gold_candidate
magari	r	nel caso	gold_candidate
malattia	n	patologia	gold_candidate
malattia	n	alterazione	gold_candidate
malattia	n	male	gold_candidate
malattia	n	sindrome	gold_candidate
malattia	n	malessere	gold_candidate
malattia	n	infermita'	gold_candidate
malattia	n	affezione	gold_candidate
malattia	n	inquietudine	gold_candidate
malattia	n	disturbo	gold_candidate
manifestare	v	verificarsi	gold_candidate
manifestare	v	presentarsi	gold_candidate
manifestare	v	presentare	gold_candidate
manifestare	v	insorgere	gold_candidate
manifestare	v	esprimere	gold_candidate
manifestare	v	espimere	gold_candidate
manifestare	v	dimostrare	gold_candidate
manifestare	v	dichiarare	gold_candidate
manifestare	v	protestare	gold_candidate
manifestare	v	scendere in piazza	gold_candidate
manifestare	v	rimostrare	gold_candidate
manifestare	v	contestare	gold_candidate
manifestare	v	rivelare	gold_candidate
manifestare	v	palesare	gold_candidate
manifestare	v	denotare	gold_candidate
manifestare	v	palesarsi	gold_candidate
manifestare	v	esternare	gold_candidate
manifestare	v	apparire	gold_candidate
manifestare	v	rivelarsi	gold_candidate
manifestare	v	rendersi palese	gold_candidate
manifestare	v	mostrarsi	gold_candidate
manifestare	v	mostrare	gold_candidate
materiale	n	prodotto	gold_candidate
materiale	n	documentazione	gold_candidate
materiale	n	sostanza	gold_candidate
materiale	n	materia	gold_candidate
materiale	n	elemento	gold_candidate
materiale	n	informazione	gold_candidate
materiale	n	dato	gold_candidate
materiale	n	attrezzo	gold_candidate
metodo	n	sistema	gold_candidate
metodo	n	organizzazione	gold_candidate
metodo	n	modo	gold_candidate
metodo	n	metodologia	gold_candidate
metodo	n	condotta	gold_candidate
metodo	n	criterio	gold_candidate
metodo	n	procedimento	gold_candidate
metodo	n	tecnica	gold_candidate
metodo	n	strategia	gold_candidate
metodo	n	tattica	gold_candidate
metodo	n	regola	gold_candidate
metodo	n	norma	gold_candidate
metodo	n	modalita'	gold_candidate
metodo	n	trattamento	gold_candidate
metodo	n	rimedio	gold_candidate
metodo	n	mezzo	gold_candidate
metodo	n	cura	gold_candidate
metodo	n	stile	gold_candidate
mettere	v	offrire	gold_candidate
mettere	v	collocare	gold_candidate
mettere	v	posizionare	gold_candidate
mettere	v	porre	gold_candidate
mettere	v	chiarire	gold_candidate
mettere	v	concludere	gold_candidate
mettere	v	avviare	gold_candidate
mettere	v	attivare	gold_candidate
mettere	v	informare	gold_candidate
mettere	v	avanzare	gold_candidate
mettere	v	ritirarsi	gold_candidate
mettere	v	farsi	gold_candidate
mettere	v	fare	gold_candidate
mettere	v	dare	gold_candidate
mettere	v	assegnare	gold_candidate
moderato	a	centrista	gold_candidate
moderato	a	pacato	gold_candidate
moderato	a	modesto	gold_candidate
moderato	a	limitato	gold_candidate
moderato	a	lento	gold_candidate
moderato	a	di centro	gold_candidate
moderato	a	misurato	gold_candidate
moderato	a	scarso	gold_candidate
moderato	a	discreto	gold_candidate
moderato	a	contenuto	gold_candidate
moderato	a	lieve	gold_candidate
moderato	a	leggero	gold_candidate
moderato	a	debole	gold_candidate
moderato	a	blando	gold_candidate
moderato	a	sobrio	gold_candidate
moderato	a	controllato	gold_candidate
moderato	a	riformista	gold_candidate
moderato	a	equilibrato	gold_candidate
modesto	a	ridotto	gold_candidate
modesto	a	moderato	gold_candidate
modesto	a	limitato	gold_candidate
modesto	a	basso	gold_candidate
modesto	a	mediocre	gold_candidate
modesto	a	comune	gold_candidate
modesto	a	esiguo	gold_candidate
modesto	a	scarso	gold_candidate
modesto	a	piccolo	gold_candidate
modesto	a	modico	gold_candidate
modesto	a	semplice	gold_candidate
modesto	a	sobrio	gold_candidate
modesto	a	contenuto	gold_candidate
modesto	a	umile	gold_candidate
modesto	a	misurato	gold_candidate
modesto	a	equilibrato	gold_candidate
modesto	a	discreto	gold_candidate
modesto	a	irrisorio	gold_candidate
modesto	a	esile	gold_candidate
moneta	n	denaro	gold_candidate
moneta	n	valuta	gold_candidate
moneta	n	divisa	gold_candidate
moneta	n	soldo	gold_candidate
moneta	n	soldino	gold_candidate
moneta	n	spicciolo	gold_candidate
morire	v	deceduto	gold_candidate
morire	v	uccidere	gold_candidate
morire	v	spirare	gold_candidate
morire	v	spegnersi	gold_candidate
morire	v	defunto	gold_candidate
morire	v	decedere	gold_candidate
morire	v	perire	gold_candidate
morire	v	finire	gold_candidate
morire	v	spirata	gold_candidate
morire	v	scomparire	gold_candidate
morire	v	mancare	gold_candidate
morire	v	mancato	gold_candidate
morire	v	se ne ando'	gold_candidate
muovere	v	agire	gold_candidate
muovere	v	spostare	gold_candidate
muovere	v	allontanarsi	gold_candidate
muovere	v	allontanare	gold_candidate
muovere	v	prendere iniziative	gold_candidate
muovere	v	mobilitarsi	gold_candidate
muovere	v	fare	gold_candidate
muovere	v	indirizzare	gold_candidate
muovere	v	avanzare	gold_candidate
muovere	v	partire	gold_candidate
muovere	v	riferire	gold_candidate
muovere	v	comportarsi	gold_candidate
muovere	v	comportare	gold_candidate
muovere	v	smuovere	gold_candidate
muovere	v	modificare	gold_candidate
muovere	v	cambiare	gold_candidate
nazione	n	stato	gold_candidate
nazione	n	paese	gold_candidate
nazione	n	popolo	gold_candidate
norma	n	regola	gold_candidate
norma	n	legge	gold_candidate
norma	n	principio	gold_candidate
norma	n	disposizione	gold_candidate
norma	n	direttiva	gold_candidate
norma	n	regolamentazione	gold_candidate
norma	n	consuetudine	gold_candidate
norma	n	abitudine	gold_candidate
norma	n	provvedimento	gold_candidate
norma	n	metodo	gold_candidate
norma	n	criterio	gold_candidate
notevole	a	grande	gold_candidate
notevole	a	importante	gold_candidate
notevole	a	fondamentale	gold_candidate
notevole	a	considerevole	gold_candidate
notevole	a	buona	gold_candidate
notevole	a	significativo	gold_candidate
notevole	a	elevato	gold_candidate
notevole	a	alto	gold_candidate
notevole	a	rilevante	gold_candidate
notevole	a	profondo	gold_candidate
notevole	a	di un certo spessore	gold_candidate
notevole	a	consistente	gold_candidate
notevole	a	parecchio	gold_candidate
notevole	a	molto	gold_candidate
notevole	a	forte	gold_candidate
notevole	a	ragguardevole	gold_candidate
notevole	a	esteso	gold_candidate
notevole	a	cospicua	gold_candidate
notevole	a	rimarchevole	gold_candidate
notevole	a	cospicuo	gold_candidate
notevole	a	marcato	gold_candidate
notevole	a	rappresentativo	gold_candidate
notevole	a	interessante	gold_candidate
notevole	a	degno di nota	gold_candidate
numero	n	quantita'	gold_candidate
numero	n	quantitativo	gold_candidate
numero	n	cifra	gold_candidate
numero	n	potenzialita'	gold_candidate
numero	n	possibilita'	gold_candidate
numero	n	condizione	gold_candidate
numero	n	numero telefonico	gold_candidate
opera	n	spettacolo	gold_candidate
opera	n	rappresentazione	gold_candidate
opera	n	melodramma	gold_candidate
opera	n	composizione	gold_candidate
opera	n	scritto	gold_candidate
opera	n	produzione	gold_candidate
opera	n	creazione	gold_candidate
opera	n	pezzo	gold_candidate
opera	n	brano	gold_candidate
opera	n	lavoro	gold_candidate
opera	n	attivita'	gold_candidate
opera	n	lavorare	gold_candidate
opera	n	essere presente	gold_candidate
opera	n	lirica	gold_candidate
ora	r	adesso	gold_candidate
ora	r	oggi	gold_candidate
ora	r	in questo momento	gold_candidate
ora	r	il momento	gold_candidate
ora	r	attualmente	gold_candidate
ora	r	a questo punto	gold_candidate
ora	r	ormai	gold_candidate
ora	r	al momento	gold_candidate
ordinario	a	regolare	gold_candidate
ordinario	a	normale	gold_candidate
ordinario	a	consueto	gold_candidate
ordinario	a	comune	gold_candidate
ordinario	a	abituale	gold_candidate
ordinario	a	titolare	gold_candidate
ordinario	a	di ruolo	gold_candidate
ormai	r	adesso	gold_candidate
ormai	r	a quel punto	gold_candidate
ormai	r	ora	gold_candidate
ormai	r	allora	gold_candidate
ormai	r	a questo punto	gold_candidate
ormai	r	gia'	gold_candidate
ormai	r	finalmente	gold_candidate
ottenere	v	raggiungere	gold_candidate
ottenere	v	ricavare	gold_candidate
ottenere	v	avere	gold_candidate
ottenere	v	conseguire	gold_candidate
ottenere	v	riportare	gold_candidate
ottenere	v	conquistare	gold_candidate
ottenere	v	guadagnare	gold_candidate
ottenere	v	ricevere	gold_candidate
ottenere	v	acquisire	gold_candidate
ottenere	v	reperire	gold_candidate
ottenere	v	recuperare	gold_candidate
ottenere	v	procurare	gold_candidate
ottenere	v	risultare	gold_candidate
ottenere	v	trarre	gold_candidate
ottenere	v	prendere	gold_candidate
ottenere	v	estrarre	gold_candidate
parola	n	frase	gold_candidate
parola	n	voce	gold_candidate
parola	n	chiacchiera	gold_candidate
parola	n	termine	gold_candidate
parola	n	affermazione	gold_candidate
parola	n	vocabolo	gold_candidate
parola	n	discorso	gold_candidate
parola	n	racconto	gold_candidate
parola	n	dichiarazione	gold_candidate
parola	n	testo	gold_candidate
parte	n	partito	gold_candidate
parte	n	fazione	gold_candidate
parte	n	elemento	gold_candidate
parte	n	componente	gold_candidate
parte	n	lato	gold_candidate
parte	n	verso	gold_candidate
parte	n	contendente	gold_candidate
parte	n	separato	gold_candidate
parte	n	distinto	gold_candidate
parte	n	parzialmente	gold_candidate
parte	n	zona	gold_candidate
parte	n	sezione	gold_candidate
parte	n	posizione	gold_candidate
particolare	a	speciale	gold_candidate
particolare	a	specifico	gold_candidate
particolare	a	esclusivo	gold_candidate
particolare	a	una certa	gold_candidate
particolare	a	singolare	gold_candidate
particolare	a	rilevante	gold_candidate
particolare	a	importante	gold_candidate
particolare	a	preciso	gold_candidate
particolare	a	peculiare	gold_candidate
particolare	a	determinato	gold_candidate
particolare	a	caratteristico	gold_candidate
particolare	a	notevole	gold_candidate
particolare	a	maggiore	gold_candidate
particolare	a	grande	gold_candidate
particolare	a	straordinario	gold_candidate
particolare	a	dettaglio	gold_candidate
particolare	a	molto	gold_candidate
particolare	a	tipico	gold_candidate
particolare	a	distintivo	gold_candidate
particolare	a	certo	gold_candidate
particolare	a	specie	gold_candidate
parziale	a	provvisorio	gold_candidate
parziale	a	limitato	gold_candidate
parziale	a	incompleto	gold_candidate
parziale	a	ridotto	gold_candidate
parziale	a	modesto	gold_candidate
parziale	a	leggera	gold_candidate
parziale	a	di una parte	gold_candidate
parziale	a	di parte	gold_candidate
passaggio	n	via	gold_candidate
passaggio	n	tappa	gold_candidate
passaggio	n	percorso	gold_candidate
passaggio	n	trasformazione	gold_candidate
passaggio	n	trasferimento	gold_candidate
passaggio	n	spostamento	gold_candidate
passaggio	n	cambiamento	gold_candidate
passaggio	n	cambio	gold_candidate
passaggio	n	punto	gold_candidate
passaggio	n	passo	gold_candidate
passaggio	n	qustione	gold_candidate
passaggio	n	argomento	gold_candidate
passaggio	n	pezzo	gold_candidate
passaggio	n	parte	gold_candidate
passaggio	n	brano	gold_candidate
passaggio	n	accesso	gold_candidate
passaggio	n	condizione	gold_candidate
passare	v	transitare	gold_candidate
passare	v	procedere	gold_candidate
passare	v	porre	gold_candidate
passare	v	andare	gold_candidate
passare	v	cedere	gold_candidate
passare	v	dare	gold_candidate
passare	v	consegnare	gold_candidate
passare	v	spostarsi	gold_candidate
passare	v	saltare	gold_candidate
passare	v	salire	gold_candidate
passare	v	crescere	gold_candidate
passare	v	aumentare	gold_candidate
passare	v	trascorrere	gold_candidate
passare	v	scorso	gold_candidate
passare	v	scorrere	gold_candidate
passare	v	finire	gold_candidate
passare	v	terminare	gold_candidate
passare	v	superare	gold_candidate
passare	v	sorpassare	gold_candidate
passare	v	concludere	gold_candidate
passare	v	attraversare	gold_candidate
perche'	r	per quale motivo	gold_candidate
perche'	r	come mai	gold_candidate
perche'	r	a quale proposito	gold_candidate
perche'	r	poiche'	gold_candidate
perche'	r	a che scopo	gold_candidate
perche'	r	in quanto	gold_candidate
periodo	n	tempo	gold_candidate
periodo	n	momento	gold_candidate
periodo	n	fase	gold_candidate
periodo	n	arco di tempo	gold_candidate
periodo	n	stagione	gold_candidate
periodo	n	intervallo	gold_candidate
periodo	n	lasso	gold_candidate
piano	n	programma	gold_candidate
piano	n	iniziativa	gold_candidate
piano	n	??	gold_candidate
piano	n	livello	gold_candidate
piano	n	progetto	gold_candidate
piano	n	prospetto	gold_candidate
piano	n	strategia	gold_candidate
piano	n	programmag	gold_candidate
piano	n	tattica	gold_candidate
piccolo	a	ristretto	gold_candidate
piccolo	a	ridotto	gold_candidate
piccolo	a	limitato	gold_candidate
piccolo	a	debole	gold_candidate
piccolo	a	minuto	gold_candidate
piccolo	a	minuscolo	gold_candidate
piccolo	a	minore?	gold_candidate
piccolo	a	stretto	gold_candidate
piccolo	a	modesto	gold_candidate
piccolo	a	giovane?	gold_candidate
piccolo	a	giovane	gold_candidate
piccolo	a	esiguo	gold_candidate
piccolo	a	breve	gold_candidate
pieno	a	avviato	gold_candidate
pieno	a	avanzato	gold_candidate
pieno	a	durante	gold_candidate
pieno	a	colmo	gold_candidate
pieno	a	zeppo	gold_candidate
pieno	a	tappezzato	gold_candidate
pieno	a	stracolmo	gold_candidate
pieno	a	ricolmo	gold_candidate
pieno	a	coperto	gold_candidate
pieno	a	carico	gold_candidate
pieno	a	totalmente	gold_candidate
pieno	a	completamente	gold_candidate
pieno	a	affollato	gold_candidate
pieno	a	gremito	gold_candidate
piuttosto	r	semmai	gold_candidate
piuttosto	r	invece	gold_candidate
piuttosto	r	abbastanza	gold_candidate
piuttosto	r	parecchio	gold_candidate
piuttosto	r	molto	gold_candidate
piuttosto	r	alquanto	gold_candidate
piuttosto	r	maggiormente	gold_candidate
piuttosto	r	anzi	gold_candidate
piuttosto	r	particolarmente	gold_candidate
piuttosto	r	soprattutto	gold_candidate
piuttosto	r	piu' volentieri	gold_candidate
poi	r	infine	gold_candidate
poi	r	in seguito	gold_candidate
poi	r	dopotutto	gold_candidate
poi	r	inoltre	gold_candidate
poi	r	anche	gold_candidate
poi	r	alla fine	gold_candidate
poi	r	quindi	gold_candidate
poi	r	alla fin fine	gold_candidate
poi	r	in aggiunta	gold_candidate
poi	r	ancora	gold_candidate
poi	r	a seguire	gold_candidate
poi	r	avanti	gold_candidate
portare	v	condurre	gold_candidate
portare	v	accompagnare	gold_candidate
portare	v	trasportare	gold_candidate
portare	v	trasferire	gold_candidate
portare	v	trascinare	gold_candidate
portare	v	congiungere	gold_candidate
portare	v	andare	gold_candidate
portare	v	recare	gold_candidate
portare	v	recapitare	gold_candidate
portare	v	spingere	gold_candidate
portare	v	propendere	gold_candidate
portare	v	produrre	gold_candidate
portare	v	apportare	gold_candidate
portare	v	ridurre	gold_candidate
portare	v	tagliato	gold_candidate
portare	v	incline	gold_candidate
portare	v	abile	gold_candidate
positivo	a	vantaggioso	gold_candidate
positivo	a	incoraggiante	gold_candidate
positivo	a	favorevole	gold_candidate
positivo	a	buono	gold_candidate
positivo	a	valoroso	gold_candidate
positivo	a	modello	gold_candidate
positivo	a	esemplare	gold_candidate
positivo	a	ottimistico	gold_candidate
positivo	a	propizio	gold_candidate
positivo	a	proficuo	gold_candidate
positivo	a	buon	gold_candidate
positivo	a	utile	gold_candidate
positivo	a	in salita	gold_candidate
povero	a	scarno	gold_candidate
povero	a	misero	gold_candidate
povero	a	limitato	gold_candidate
povero	a	banale	gold_candidate
povero	a	umile	gold_candidate
povero	a	modesto	gold_candidate
povero	a	disagiato	gold_candidate
povero	a	sventurato	gold_candidate
povero	a	sfortunato	gold_candidate
povero	a	sottosviluppato	gold_candidate
povero	a	arretrato	gold_candidate
povero	a	scarso	gold_candidate
povero	a	manchevole	gold_candidate
povero	a	carente	gold_candidate
povero	a	semplice	gold_candidate
povero	a	economico	gold_candidate
povero	a	indigente	gold_candidate
povero	a	bisognoso	gold_candidate
precedente	a	sopra	gold_candidate
precedente	a	anteriore	gold_candidate
precedente	a	antecedente	gold_candidate
precedente	a	passato	gold_candidate
precedente	a	scorso	gold_candidate
precedente	a	altro	gold_candidate
precedente	a	suddetto	gold_candidate
precedente	a	primo	gold_candidate
precedente	a	prima	gold_candidate
predisporre	v	prestabilire	gold_candidate
predisporre	v	presentare	gold_candidate
predisporre	v	preparato	gold_candidate
predisporre	v	fare	gold_candidate
predisporre	v	attuare	gold_candidate
predisporre	v	approntato	gold_candidate
predisporre	v	programmare	gold_candidate
predisporre	v	prevedere	gold_candidate
predisporre	v	preparare	gold_candidate
predisporre	v	disporre	gold_candidate
predisporre	v	allestire	gold_candidate
predisporre	v	organizzare	gold_candidate
predisporre	v	approntare	gold_candidate
predisporre	v	preordinare	gold_candidate
predisporre	v	prefissare	gold_candidate
predisporre	v	sistemare	gold_candidate
predisporre	v	mettere	gold_candidate
prendere	v	schierarsi	gold_candidate
prendere	v	assumere	gold_candidate
prendere	v	servirsi	gold_candidate
prendere	v	ingerire	gold_candidate
prendere	v	riprendere	gold_candidate
prendere	v	ottenere	gold_candidate
prendere	v	guadagnare	gold_candidate
prendere	v	percorrere	gold_candidate
prendere	v	imboccare	gold_candidate
prendere	v	fare	gold_candidate
prendere	v	considerare	gold_candidate
prendere	v	rifare	gold_candidate
prendere	v	arrabbiarsi	gold_candidate
prendere	v	arrabbiare	gold_candidate
prendere	v	supporre	gold_candidate
prendere	v	esaminare	gold_candidate
preparare	v	pronto	gold_candidate
preparare	v	predisposto	gold_candidate
preparare	v	istruito	gold_candidate
preparare	v	educato	gold_candidate
preparare	v	allenato	gold_candidate
preparare	v	premunirsi	gold_candidate
preparare	v	predisporsi	gold_candidate
preparare	v	organizzare	gold_candidate
preparare	v	progettare	gold_candidate
preparare	v	predisporre	gold_candidate
preparare	v	elaborare	gold_candidate
preparare	v	stilare	gold_candidate
preparare	v	scrivere	gold_candidate
preparare	v	redigere	gold_candidate
preparare	v	creare	gold_candidate
preparare	v	allestire	gold_candidate
preparare	v	programmare	gold_candidate
presente	a	situato	gold_candidate
presente	a	disponibile	gold_candidate
presente	a	allocato	gold_candidate
presente	a	partecipe	gold_candidate
presente	a	partecipare	gold_candidate
presente	a	partecipante	gold_candidate
presente	a	intervenuto	gold_candidate
presente	a	intervenire	gold_candidate
presente	a	convenuto	gold_candidate
presente	a	attuale	gold_candidate
presente	a	odierno	gold_candidate
presente	a	questo	gold_candidate
presente	a	operante	gold_candidate
presente	a	esistente	gold_candidate
presente	a	abitante	gold_candidate
presente	a	spettatore	gold_candidate
presto	r	rapidamente	gold_candidate
presto	r	tra breve	gold_candidate
presto	r	prossimamente	gold_candidate
presto	r	in fretta	gold_candidate
presto	r	in breve	gold_candidate
presto	r	a breve	gold_candidate
presto	r	fra poco	gold_candidate
presto	r	subito	gold_candidate
presto	r	in anticipo	gold_candidate
presto	r	velocemente	gold_candidate
presto	r	celermente	gold_candidate
presto	r	prematuro	gold_candidate
presto	r	giovane	gold_candidate
processo	n	procedimento giudiziale	gold_candidate
processo	n	procedimento	gold_candidate
processo	n	sviluppo	gold_candidate
processo	n	progresso	gold_candidate
processo	n	evoluzione	gold_candidate
processo	n	procedura	gold_candidate
processo	n	sistema	gold_candidate
processo	n	giudizio	gold_candidate
processo	n	transizione	gold_candidate
processo	n	udienza	gold_candidate
produrre	v	generare	gold_candidate
produrre	v	dare vita	gold_candidate
produrre	v	creare	gold_candidate
produrre	v	originare	gold_candidate
produrre	v	finanziare	gold_candidate
produrre	v	fare	gold_candidate
produrre	v	confezionare	gold_candidate
produrre	v	fruttare	gold_candidate
produrre	v	dare vita a	gold_candidate
produrre	v	realizzare	gold_candidate
produrre	v	dare	gold_candidate
produrre	v	ideare	gold_candidate
produrre	v	ottenere	gold_candidate
produrre	v	avere	gold_candidate
profondo	a	radicato	gold_candidate
profondo	a	pesante	gold_candidate
profondo	a	nascosto	gold_candidate
profondo	a	grave	gold_candidate
profondo	a	grande	gold_candidate
profondo	a	totale	gold_candidate
profondo	a	particolare	gold_candidate
profondo	a	evidente	gold_candidate
profondo	a	abissale	gold_candidate
profondo	a	enorme	gold_candidate
profondo	a	lacerante	gold_candidate
profondo	a	avanzato	gold_candidate
profondo	a	radicale	gold_candidate
profondo	a	incisivo	gold_candidate
profondo	a	importante	gold_candidate
profondo	a	alto	gold_candidate
profondo	a	fondo	gold_candidate
profondo	a	forte	gold_candidate
profondo	a	solido	gold_candidate
profondo	a	serio	gold_candidate
profondo	a	intenso	gold_candidate
profondo	a	in profondita'	gold_candidate
profondo	a	saldo	gold_candidate
profondo	a	resistente	gold_candidate
profondo	a	definito	gold_candidate
profondo	a	irreversibile	gold_candidate
programma	n	piano	gold_candidate
programma	n	progetto	gold_candidate
programma	n	schema	gold_candidate
programma	n	disegno	gold_candidate
programma	n	software	gold_candidate
programma	n	trasmissione	gold_candidate
programma	n	calendario	gold_candidate
programma	n	agenda	gold_candidate
pronto	a	preparato	gold_candidate
pronto	a	disponibile	gold_candidate
pronto	a	adeguato	gold_candidate
pronto	a	adatto	gold_candidate
pronto	a	attrezzato	gold_candidate
pronto	a	predisposto	gold_candidate
pronto	a	organizzato	gold_candidate
pronto	a	a posto	gold_candidate
pronto	a	disposto	gold_candidate
pronto	a	terminato	gold_candidate
pronto	a	oraganizzato	gold_candidate
pronto	a	concluso	gold_candidate
pronto	a	propenso	gold_candidate
pronto	a	incline	gold_candidate
pulito	a	trasparente	gold_candidate
pulito	a	tranquilla	gold_candidate
pulito	a	serena	gold_candidate
pulito	a	puro	gold_candidate
pulito	a	lindo	gold_candidate
pulito	a	limpido	gold_candidate
pulito	a	immacolata	gold_candidate
pulito	a	a posto	gold_candidate
pulito	a	corretto	gold_candidate
pulito	a	sincero	gold_candidate
pulito	a	onesto	gold_candidate
pulito	a	leale	gold_candidate
pure	r	anche	gold_candidate
pure	r	perfino	gold_candidate
pure	r	inoltre	gold_candidate
pure	r	tuttavia	gold_candidate
pure	r	sebbene	gold_candidate
pure	r	anche se	gold_candidate
pure	r	benche'	gold_candidate
pure	r	nondimeno	gold_candidate
pure	r	pero'	gold_candidate
pure	r	normalmente	gold_candidate
pure	r	generalmente	gold_candidate
pure	r	sempre	gold_candidate
pure	r	parimenti	gold_candidate
rapido	a	veloce	gold_candidate
rapido	a	repentino	gold_candidate
rapido	a	pronto	gold_candidate
rapido	a	celere	gold_candidate
rapido	a	tempestivo	gold_candidate
rapido	a	immediato	gold_candidate
rapido	a	accelerato	gold_candidate
rapido	a	breve	gold_candidate
rapido	a	svelto	gold_candidate
rapido	a	prossimo	gold_candidate
relazione	n	rapporto	gold_candidate
relazione	n	esposizione	gold_candidate
relazione	n	resoconto	gold_candidate
relazione	n	presentazione	gold_candidate
relazione	n	discorso	gold_candidate
relazione	n	ordinanza	gold_candidate
relazione	n	decreto	gold_candidate
relazione	n	legame	gold_candidate
relazione	n	interazione	gold_candidate
relazione	n	trattazione	gold_candidate
relazione	n	rendiconto	gold_candidate
relazione	n	ragguaglio	gold_candidate
religioso	a	sacro	gold_candidate
religioso	a	devoto	gold_candidate
religioso	a	ecclesiastico	gold_candidate
rendere	v	lavorare	gold_candidate
rendere	v	dare	gold_candidate
rendere	v	fare divenire	gold_candidate
rendere	v	fare	gold_candidate
rendere	v	risultare	gold_candidate
rendere	v	essere	gold_candidate
rendere	v	diventare	gold_candidate
rendere	v	fare diventare	gold_candidate
rendere	v	mostrare	gold_candidate
rendere	v	porre	gold_candidate
rendere	v	capire	gold_candidate
rendere	v	produrre	gold_candidate
rendere	v	fruttare	gold_candidate
rendere	v	fare guadagnare	gold_candidate
ridotto	a	minore	gold_candidate
ridotto	a	minimo	gold_candidate
ridotto	a	trascurabile	gold_candidate
ridotto	a	scarso	gold_candidate
ridotto	a	poco	gold_candidate
ridotto	a	modesto	gold_candidate
ridotto	a	limitato	gold_candidate
ridotto	a	diminuito	gold_candidate
ridotto	a	piccolo	gold_candidate
ridotto	a	scontato	gold_candidate
ridotto	a	ridimensionato	gold_candidate
ridotto	a	inferiore	gold_candidate
ridotto	a	breve	gold_candidate
ripetere	v	riverificare	gold_candidate
ripetere	v	riaccadere	gold_candidate
ripetere	v	replicare	gold_candidate
ripetere	v	duplicarsi	gold_candidate
ripetere	v	ribadire	gold_candidate
ripetere	v	ridire	gold_candidate
ripetere	v	riformulare	gold_candidate
ripetere	v	riproporre	gold_candidate
ripetere	v	sottolineare	gold_candidate
ripetere	v	confermare	gold_candidate
ripetere	v	ricordare	gold_candidate
ripetere	v	dire	gold_candidate
riunire	v	radunare	gold_candidate
riunire	v	ritrovare	gold_candidate
riunire	v	incontrare	gold_candidate
riunire	v	radunarsi	gold_candidate
riunire	v	raccogliere	gold_candidate
riunire	v	incontrarsi	gold_candidate
riunire	v	chiamare	gold_candidate
riunire	v	raggruppare	gold_candidate
riunire	v	radunato	gold_candidate
riunire	v	raccolto	gold_candidate
riunire	v	convenire	gold_candidate
riunire	v	convocare	gold_candidate
riunire	v	ricongiunto	gold_candidate
riunire	v	ricompattato	gold_candidate
rubare	v	sottrarre	gold_candidate
rubare	v	portare via	gold_candidate
rubare	v	scippare	gold_candidate
rubare	v	fregare	gold_candidate
rubare	v	derubare	gold_candidate
rubare	v	sgraffignare	gold_candidate
rubare	v	prendere	gold_candidate
rubare	v	strappare	gold_candidate
rubare	v	prendere con la forza	gold_candidate
rubare	v	imporre	gold_candidate
rubare	v	estorcere	gold_candidate
rubare	v	trafugare	gold_candidate
rubare	v	truffare	gold_candidate
salire	v	arrivare	gold_candidate
salire	v	andare	gold_candidate
salire	v	aumentare	gold_candidate
salire	v	crescere	gold_candidate
salire	v	rincarare	gold_candidate
salire	v	maggiorare	gold_candidate
salire	v	alzare(si)	gold_candidate
salire	v	giungere	gold_candidate
sapere	v	conoscere	gold_candidate
sapere	v	capire	gold_candidate
sapere	v	apprendere	gold_candidate
sapere	v	prevedere	gold_candidate
sapere	v	essere certo	gold_candidate
sapere	v	essere a conoscenza	gold_candidate
sapere	v	essere al corrente	gold_candidate
sapere	v	riuscire a	gold_candidate
sapere	v	essere in grado di	gold_candidate
sapere	v	conoscenza	gold_candidate
sapere	v	sapienza	gold_candidate
sapere	v	vedere	gold_candidate
sapere	v	comprendere	gold_candidate
scarso	a	limitato	gold_candidate
scarso	a	insufficiente	gold_candidate
scarso	a	poco	gold_candidate
scarso	a	modesto	gold_candidate
scarso	a	carente	gold_candidate
scarso	a	irrisorio	gold_candidate
scarso	a	irrilevante	gold_candidate
scarso	a	basso	gold_candidate
scarso	a	misero	gold_candidate
scarso	a	piccolo	gold_candidate
scarso	a	appena	gold_candidate
scarso	a	scadente	gold_candidate
scarso	a	inadeguato	gold_candidate
scarso	a	ridotto	gold_candidate
scarso	a	minimo	gold_candidate
scarso	a	esiguo	gold_candidate
scarso	a	contenuto	gold_candidate
segno	n	traccia	gold_candidate
segno	n	risultato	gold_candidate
segno	n	conseguenza	gold_candidate
segno	n	effetto	gold_candidate
segno	n	presagio	gold_candidate
segno	n	direzione	gold_candidate
segno	n	simbolo	gold_candidate
segno	n	prova	gold_candidate
segno	n	indice	gold_candidate
segno	n	esempio	gold_candidate
segno	n	dimostrazione	gold_candidate
segno	n	segnale	gold_candidate
segno	n	tratto	gold_candidate
segno	n	sintomo	gold_candidate
segno	n	elemento	gold_candidate
segno	n	obiettivo	gold_candidate
segno	n	meta	gold_candidate
segno	n	bersaglio	gold_candidate
semplice	a	essenziale	gold_candidate
semplice	a	umile	gold_candidate
semplice	a	piana	gold_candidate
semplice	a	elementare	gold_candidate
semplice	a	puro	gold_candidate
semplice	a	piccolo	gold_candidate
semplice	a	ordinario	gold_candidate
semplice	a	normale	gold_candidate
semplice	a	mero	gold_candidate
semplice	a	banale	gold_candidate
semplice	a	sobrio	gold_candidate
semplice	a	modesto	gold_candidate
semplice	a	facile	gold_candidate
semplice	a	chiaro	gold_candidate
semplice	a	unico	gold_candidate
semplice	a	solo	gold_candidate
semplice	a	sincero	gold_candidate
semplice	a	genuino	gold_candidate
semplice	a	naturale	gold_candidate
sensazione	n	presentimento	gold_candidate
sensazione	n	impressione	gold_candidate
sensazione	n	percezione	gold_candidate
sensazione	n	presagio	gold_candidate
sensazione	n	idea	gold_candidate
sensazione	n	opinione	gold_candidate
sensazione	n	intuizione	gold_candidate
sensazione	n	coscienza	gold_candidate
sensibile	a	reattivo	gold_candidate
sensibile	a	attento	gold_candidate
sensibile	a	dolce	gold_candidate
sensibile	a	delicato	gold_candidate
sensibile	a	impressionabile	gold_candidate
sensibile	a	emotivo	gold_candidate
sensibile	a	eccitabile	gold_candidate
sensibile	a	appassionato	gold_candidate
sensibile	a	aperto	gold_candidate
sensibile	a	tangibile	gold_candidate
sensibile	a	leggero	gold_candidate
sensibile	a	considerevole	gold_candidate
sensibile	a	concreto	gold_candidate
sensibile	a	rilevante	gold_candidate
sensibile	a	percettibile	gold_candidate
sensibile	a	notevole	gold_candidate
sensibile	a	marcato	gold_candidate
sensibile	a	disponibile	gold_candidate
sensibile	a	reale	gold_candidate
sensibile	a	percepibile	gold_candidate
sensibile	a	forte	gold_candidate
sensibile	a	evidente	gold_candidate
sensibile	a	cospicuo	gold_candidate
sensibile	a	apprezzabile	gold_candidate
senso	n	accezione	gold_candidate
senso	n	spirito	gold_candidate
senso	n	criterio	gold_candidate
senso	n	secondo	gold_candidate
senso	n	in conformita'	gold_candidate
senso	n	in base a	gold_candidate
senso	n	significato	gold_candidate
senso	n	direzione	gold_candidate
senso	n	verso	gold_candidate
senso	n	riferimento	gold_candidate
senso	n	valore	gold_candidate
senso	n	logica	gold_candidate
senso	n	ragione	gold_candidate
senso	n	maniera	gold_candidate
sentire	v	essere	gold_candidate
sentire	v	ascoltare	gold_candidate
sentire	v	interrogare	gold_candidate
sentire	v	notare	gold_candidate
sentire	v	avvertire	gold_candidate
sentire	v	evidente	gold_candidate
sentire	v	considerare	gold_candidate
sentire	v	reputarsi	gold_candidate
sentire	v	credere	gold_candidate
sentire	v	toccare	gold_candidate
sentire	v	udire	gold_candidate
sentire	v	detta	gold_candidate
sentire	v	dare retta a	gold_candidate
sentire	v	percepire	gold_candidate
sentire	v	capire	gold_candidate
sentire	v	accorgersi	gold_candidate
sentire	v	sembrare	gold_candidate
sentire	v	apparire	gold_candidate
sentire	v	intendere	gold_candidate
settore	n	comparto	gold_candidate
settore	n	ambito	gold_candidate
settore	n	reparto	gold_candidate
settore	n	campo	gold_candidate
settore	n	area	gold_candidate
settore	n	parte	gold_candidate
settore	n	ramo	gold_candidate
settore	n	sezione	gold_candidate
settore	n	divisione	gold_candidate
sistema	n	organismo	gold_candidate
sistema	n	principio	gold_candidate
sistema	n	metodo	gold_candidate
sistema	n	criterio	gold_candidate
sistema	n	regolamento	gold_candidate
sistema	n	regolamentazione	gold_candidate
sistema	n	organizzazione	gold_candidate
sistema	n	procedimento	gold_candidate
sistema	n	struttura	gold_candidate
sistema	n	tecnica	gold_candidate
sistema	n	modo	gold_candidate
soffrire	v	patire	gold_candidate
soffrire	v	resistere	gold_candidate
soffrire	v	sofferenza	gold_candidate
soffrire	v	provare dolore	gold_candidate
soffrire	v	penare	gold_candidate
soffrire	v	affliggersi	gold_candidate
soffrire	v	essere malato	gold_candidate
soffrire	v	essere affetto	gold_candidate
soffrire	v	risentire	gold_candidate
soffrire	v	avere	gold_candidate
soffrire	v	subire	gold_candidate
sorprendere	v	scoprire	gold_candidate
sorprendere	v	colto	gold_candidate
sorprendere	v	cogliere sul fatto	gold_candidate
sorprendere	v	beccato	gold_candidate
sorprendere	v	stupire	gold_candidate
sorprendere	v	meravigliare	gold_candidate
sorprendere	v	lasciare di stucco	gold_candidate
sorprendere	v	entusiasmare	gold_candidate
sorprendere	v	prendere alla sprovvista	gold_candidate
sorprendere	v	pizzicato	gold_candidate
sorprendere	v	fermato	gold_candidate
sorprendere	v	arrestare	gold_candidate
sorprendere	v	trovarsi	gold_candidate
sorprendere	v	ritrovare	gold_candidate
sorprendere	v	stupirsi	gold_candidate
sorprendere	v	sconvolgere	gold_candidate
sorprendere	v	meravigliarsi	gold_candidate
sorprendere	v	cogliere	gold_candidate
sorprendere	v	stupito	gold_candidate
sorprendere	v	stupefatto	gold_candidate
sorprendere	v	meravigliato	gold_candidate
sorprendere	v	allibito	gold_candidate
sorprendere	v	prendere	gold_candidate
sorprendere	v	catturare	gold_candidate
sorprendere	v	cogliere di sorpresa	gold_candidate
sostanza	n	materiale	gold_candidate
sostanza	n	materia	gold_candidate
sostanza	n	composto	gold_candidate
sostanza	n	ultima analisi	gold_candidate
sostanza	n	sostanzialmente	gold_candidate
sostanza	n	sintesi	gold_candidate
sostanza	n	essenzialmente	gold_candidate
sostanza	n	definitivo	gold_candidate
sostanza	n	definitiva	gold_candidate
sostanza	n	pratica	gold_candidate
sostanza	n	poche parole	gold_candidate
sostanza	n	in conclusione	gold_candidate
sostanza	n	conclusione	gold_candidate
sostanza	n	essenza	gold_candidate
sostanza	n	realta'	gold_candidate
sostanza	n	prodotto	gold_candidate
sostanza	n	elemento	gold_candidate
sottile	a	fine	gold_candidate
sottile	a	affusolato	gold_candidate
sottile	a	fino	gold_candidate
sottile	a	astuto	gold_candidate
sottile	a	acuto	gold_candidate
sottile	a	arguto	gold_candidate
sottile	a	sagace	gold_candidate
sotto	r	giu'	gold_candidate
sotto	r	in basso	gold_candidate
sotto	r	di seguito	gold_candidate
sotto	r	ai piedi	gold_candidate
sotto	r	dentro	gold_candidate
sotto	r	al di sotto	gold_candidate
sotto	r	inferiore	gold_candidate
sotto	r	piu'	gold_candidate
sotto	r	basso	gold_candidate
sotto	r	sotterraneo	gold_candidate
sotto	r	nel profondo	gold_candidate
sotto	r	nascosto	gold_candidate
sottoporre	v	rimettersi	gold_candidate
sottoporre	v	proporre	gold_candidate
sottoporre	v	esporre	gold_candidate
sottoporre	v	soggetti	gold_candidate
sottoporre	v	costringere	gold_candidate
sottoporre	v	costretti	gold_candidate
sottoporre	v	affidare	gold_candidate
sottoporre	v	sottostante	gold_candidate
sottoporre	v	soggetto	gold_candidate
sottoporre	v	assoggettare	gold_candidate
sottoporre	v	sottomettere	gold_candidate
sottoporre	v	esporsi	gold_candidate
sottoporre	v	presentare	gold_candidate
sottoporre	v	illustrare	gold_candidate
sottoporre	v	porre	gold_candidate
sottoporre	v	mettere	gold_candidate
spazio	n	posto	gold_candidate
spazio	n	opportunita'	gold_candidate
spazio	n	rilievo	gold_candidate
spazio	n	importanza	gold_candidate
spazio	n	adito	gold_candidate
spazio	n	superficie	gold_candidate
spazio	n	scomparto	gold_candidate
spazio	n	parte	gold_candidate
spazio	n	possibilita'	gold_candidate
spazio	n	area	gold_candidate
spazio	n	luogo	gold_candidate
spazio	n	distesa	gold_candidate
stabile	a	solido	gold_candidate
stabile	a	saldo	gold_candidate
stabile	a	robusto	gold_candidate
stabile	a	forte	gold_candidate
stabile	a	costante	gold_candidate
stabile	a	invariato	gold_candidate
stabile	a	immutato	gold_candidate
stabile	a	fisso	gold_candidate
stabile	a	sicuro	gold_candidate
stabile	a	stazionario	gold_candidate
stabile	a	permanente	gold_candidate
stato	n	inventario	gold_candidate
stato	n	nazione	gold_candidate
stato	n	paese	gold_candidate
stato	n	repubblica	gold_candidate
stato	n	governo	gold_candidate
strumento	n	mezzo	gold_candidate
strumento	n	tramite	gold_candidate
strumento	n	modalita'	gold_candidate
strumento	n	meccanismo	gold_candidate
strumento	n	attrezzatura	gold_candidate
strumento	n	apparecchio	gold_candidate
strumento	n	apparecchiatura	gold_candidate
strumento	n	metodo	gold_candidate
strumento	n	teoria	gold_candidate
strumento	n	metodologia	gold_candidate
suscitare	v	provocare	gold_candidate
suscitare	v	destare	gold_candidate
suscitare	v	causare	gold_candidate
suscitare	v	generare	gold_candidate
suscitare	v	scaturire	gold_candidate
suscitare	v	produrre	gold_candidate
suscitare	v	nascere	gold_candidate
suscitare	v	innescare	gold_candidate
suscitare	v	infondere	gold_candidate
suscitare	v	originare	gold_candidate
suscitare	v	determinare	gold_candidate
suscitare	v	far sorgere	gold_candidate
tagliare	v	amputare	gold_candidate
tagliare	v	tranciare	gold_candidate
tagliare	v	mutilare	gold_candidate
tagliare	v	mozzare	gold_candidate
tagliare	v	superare	gold_candidate
tagliare	v	ricavare	gold_candidate
tagliare	v	ottenere	gold_candidate
tagliare	v	dividere	gold_candidate
tagliare	v	ridurre	gold_candidate
tagliare	v	limitare	gold_candidate
tagliare	v	diminuire	gold_candidate
tagliare	v	abbassare	gold_candidate
tagliare	v	concludere	gold_candidate
tagliare	v	interrompere i rapporti	gold_candidate
tagliare	v	sfoltire	gold_candidate
tagliare	v	recidere	gold_candidate
tagliare	v	abbattere	gold_candidate
tagliare	v	segare	gold_candidate
tagliare	v	buttar giu'	gold_candidate
tanto	r	per una volta	gold_candidate
tanto	r	proprio	gold_candidate
tanto	r	solo	gold_candidate
tanto	r	cosi'	gold_candidate
tanto	r	talmente	gold_candidate
tanto	r	sia	gold_candidate
tanto	r	altrettanto	gold_candidate
tanto	r	intensamente	gold_candidate
tanto	r	fortemente	gold_candidate
tanto	r	troppo	gold_candidate
tanto	r	molto	gold_candidate
tanto	r	assai	gold_candidate
tempo	n	momento	gold_candidate
tempo	n	periodo	gold_candidate
tempo	n	passato	gold_candidate
tempo	n	epoca	gold_candidate
tempo	n	termine	gold_candidate
tempo	n	volta	gold_candidate
tempo	n	intervallo	gold_candidate
totale	a	assoluto	gold_candidate
totale	a	completo	gold_candidate
totale	a	pieno	gold_candidate
totale	a	complessivo	gold_candidate
totale	a	definitivo	gold_candidate
totale	a	globale	gold_candidate
totale	a	generale	gold_candidate
totale	a	intero	gold_candidate
totale	a	somma	gold_candidate
totale	a	risultato	gold_candidate
troppo	r	eccessivamente	gold_candidate
troppo	r	particolarmente	gold_candidate
troppo	r	oltremodo	gold_candidate
troppo	r	esageratamente	gold_candidate
troppo	r	estremamente	gold_candidate
troppo	r	molto	gold_candidate
troppo	r	tanto	gold_candidate
troppo	r	assai	gold_candidate
utile	a	prezioso	gold_candidate
utile	a	opportuno	gold_candidate
utile	a	importante	gold_candidate
utile	a	determinante	gold_candidate
utile	a	vantaggioso	gold_candidate
utile	a	conveniente	gold_candidate
utile	a	di aiuto	gold_candidate
utile	a	produttivo	gold_candidate
utile	a	funzionale	gold_candidate
utile	a	possibile	gold_candidate
utile	a	valido	gold_candidate
utile	a	proficuo	gold_candidate
utile	a	attivo	gold_candidate
valore	n	principio	gold_candidate
valore	n	prezzo	gold_candidate
valore	n	costo	gold_candidate
valore	n	dato	gold_candidate
valore	n	valutazione	gold_candidate
valore	n	soglia	gold_candidate
valore	n	risultato	gold_candidate
valore	n	importanza	gold_candidate
valore	n	rilevanza	gold_candidate
valore	n	qualita'	gold_candidate
valore	n	tipologia	gold_candidate
valore	n	tipo	gold_candidate
valore	n	livello	gold_candidate
valore	n	significato	gold_candidate
valore	n	pregio	gold_candidate
vecchio	a	veterano	gold_candidate
vecchio	a	buono	gold_candidate
vecchio	a	superato	gold_candidate
vecchio	a	antico	gold_candidate
vecchio	a	precedente	gold_candidate
vecchio	a	passato	gold_candidate
vecchio	a	primo	gold_candidate
vecchio	a	vetusto	gold_candidate
vecchio	a	annoso	gold_candidate
vedere	v	vivere	gold_candidate
vedere	v	segnare	gold_candidate
vedere	v	registrare	gold_candidate
vedere	v	constatare	gold_candidate
vedere	v	riconoscere	gold_candidate
vedere	v	prevedere	gold_candidate
vedere	v	percepire	gold_candidate
vedere	v	intuire	gold_candidate
vedere	v	cogliere	gold_candidate
vedere	v	avvistare	gold_candidate
vedere	v	adocchiare	gold_candidate
vedere	v	capire	gold_candidate
vedere	v	verificare	gold_candidate
vedere	v	scoprire	gold_candidate
vedere	v	comprendere	gold_candidate
vedere	v	apprendere	gold_candidate
vedere	v	trovare	gold_candidate
vedere	v	scorgere	gold_candidate
vedere	v	ravvisare	gold_candidate
vedere	v	intravedere	gold_candidate
vedere	v	incontrare	gold_candidate
vedere	v	rivedere	gold_candidate
vedere	v	incontrarsi	gold_candidate
vedere	v	sentire	gold_candidate
vedere	v	notare	gold_candidate
vedere	v	distinguere	gold_candidate
veloce	a	rapido	gold_candidate
veloce	a	scattante	gold_candidate
veloce	a	rapidamente	gold_candidate
veloce	a	in fretta	gold_candidate
veloce	a	svelto	gold_candidate
veloce	a	spedito	gold_candidate
veloce	a	celere	gold_candidate
veramente	r	davvero	gold_candidate
veramente	r	realmente	gold_candidate
veramente	r	particolarmente	gold_candidate
veramente	r	notevolmente	gold_candidate
veramente	r	proprio	gold_candidate
veramente	r	sul serio	gold_candidate
veramente	r	in verita'	gold_candidate
veramente	r	in realta'	gold_candidate
veramente	r	in effetti	gold_candidate
veramente	r	effettivamente	gold_candidate
veramente	r	molto	gold_candidate
verificare	v	esaminare	gold_candidate
verificare	v	controllare	gold_candidate
verificare	v	appurare	gold_candidate
verificare	v	accertare	gold_candidate
verificare	v	vedere	gold_candidate
verificare	v	considerare	gold_candidate
verificare	v	assicurarsi	gold_candidate
verificare	v	constatare	gold_candidate
verificare	v	accadere	gold_candidate
verificare	v	succedere	gold_candidate
verificare	v	provare	gold_candidate
verificare	v	assicurare	gold_candidate
verificare	v	analizzare	gold_candidate
verificare	v	presentare	gold_candidate
verificare	v	avere	gold_candidate
vero	a	verita'	gold_candidate
vero	a	esatto	gold_candidate
vero	a	reale	gold_candidate
vero	a	effettivo	gold_candidate
vero	a	effettiva	gold_candidate
vero	a	concreto	gold_candidate
vero	a	certo	gold_candidate
vero	a	sicuro	gold_candidate
vero	a	attendibile	gold_candidate
vero	a	autentico	gold_candidate
vero	a	forte	gold_candidate
vero	a	reali	gold_candidate
via	r	suvvia	gold_candidate
via	r	su	gold_candidate
via	r	avanti	gold_candidate
via	r	altrove	gold_candidate
via	r	da parte	gold_candidate
via	r	fuori	gold_candidate
via	r	tramite	gold_candidate
via	r	per	gold_candidate
via	r	attraverso	gold_candidate
via	r	scappare	gold_candidate
voce	n	opinione	gold_candidate
voce	n	tono	gold_candidate
voce	n	sezione	gold_candidate
voce	n	parte	gold_candidate
voce	n	campo	gold_candidate
voce	n	notizia	gold_candidate
voce	n	diceria	gold_candidate
voce	n	chiacchiera	gold_candidate
voce	n	pettegolezzo	gold_candidate
voce	n	persona	gold_candidate
voce	n	cantante	gold_candidate