Abbuchung	n	Buchung	GermaNet_hypernym
Abbuchung	n	Summe	GermaNet_hypernym
Antrag	n	Abfrage	GermaNet_hypernym
Antrag	n	Anklageerhebung	GermaNet_hyponym
Antrag	n	Antragsformular	GermaNet_synonym
Antrag	n	Antragstellung	GermaNet_synonym
Antrag	n	Asylantrag	GermaNet_hyponym
Antrag	n	Aufnahmeantrag	GermaNet_hyponym
Antrag	n	Ausreiseantrag	GermaNet_hyponym
Antrag	n	Bauantrag	GermaNet_hyponym
Antrag	n	Beantragung	GermaNet_holonymComponent
Antrag	n	Beantragung	GermaNet_hypernym
Antrag	n	Beantragung	GermaNet_synonym
Antrag	n	Beweisantrag	GermaNet_hyponym
Antrag	n	Bewilligungsantrag	GermaNet_hyponym
Antrag	n	Bittgesuch	GermaNet_hyponym
Antrag	n	Dringlichkeitsantrag	GermaNet_hyponym
Antrag	n	Eilantrag	GermaNet_hyponym
Antrag	n	Entschließungsantrag	GermaNet_hyponym
Antrag	n	Erbscheinantrag	GermaNet_hyponym
Antrag	n	Gegenantrag	GermaNet_hyponym
Antrag	n	Genehmigungsantrag	GermaNet_hyponym
Antrag	n	Heiratsantrag	GermaNet_synonym
Antrag	n	Insolvenzantrag	GermaNet_hyponym
Antrag	n	Kreditantrag	GermaNet_hyponym
Antrag	n	Leistungsantrag	GermaNet_hyponym
Antrag	n	Leitantrag	GermaNet_hyponym
Antrag	n	Löschungsantrag	GermaNet_hyponym
Antrag	n	Rentenantrag	GermaNet_hyponym
Antrag	n	Sammelantrag	GermaNet_hyponym
Antrag	n	Sperrantrag	GermaNet_hyponym
Antrag	n	Strafantrag	GermaNet_hyponym
Antrag	n	Vergleichsantrag	GermaNet_hyponym
Antrag	n	Volksbegehren	GermaNet_hyponym
Antrag	n	Vordruck	GermaNet_hypernym
Antrag	n	Zeichnung	GermaNet_hyponym
Antrag	n	Zulassungsantrag	GermaNet_hyponym
Antrag	n	Änderungsantrag	GermaNet_hyponym
Aristokratie	n	Adelsschicht	GermaNet_synonym
Aristokratie	n	Adelsstand	GermaNet_synonym
Aristokratie	n	Freiherrenstand	GermaNet_hyponym
Aristokratie	n	Freiherrnstand	GermaNet_hyponym
Aristokratie	n	Fürstenstand	GermaNet_hyponym
Aristokratie	n	Grafenstand	GermaNet_hyponym
Aristokratie	n	Herrenstand	GermaNet_hyponym
Aristokratie	n	Regierung	GermaNet_hypernym
Aristokratie	n	Reichsadelsstand	GermaNet_hyponym
Aristokratie	n	Reichsfreiherrenstand	GermaNet_hyponym
Aristokratie	n	Reichsfreiherrnstand	GermaNet_hyponym
Aristokratie	n	Reichsfürstenstand	GermaNet_hyponym
Aristokratie	n	Reichsgrafenstand	GermaNet_hyponym
Aristokratie	n	Ritterstand	GermaNet_hyponym
Aristokratie	n	Schichtung	GermaNet_hypernym
Athlet	n	Athletin	GermaNet_synonym
Athlet	n	Biathletin	GermaNet_hyponym
Athlet	n	Leistungssportler	GermaNet_synonym
Athlet	n	Leistungssportlerin	GermaNet_synonym
Athlet	n	Profi	GermaNet_hyponym
Athlet	n	Sportlerin	GermaNet_hypernym
Athlet	n	Triathletin	GermaNet_hyponym
Athlet	n	Wettstreiterin	GermaNet_hypernym
Auftrieb	n	Almauftrieb	GermaNet_synonym
Auftrieb	n	Antrieb	GermaNet_synonym
Auftrieb	n	Aufschwung	GermaNet_synonym
Auftrieb	n	Auftriebskraft	GermaNet_synonym
Auftrieb	n	Aufwind	GermaNet_synonym
Auftrieb	n	Elan	GermaNet_hypernym
Auftrieb	n	Kraft	GermaNet_hypernym
Auftrieb	n	Umtrieb	GermaNet_hypernym
Ballade	n	Arrangement	GermaNet_hypernym
Ballade	n	Gedicht	GermaNet_hypernym
Bandit	n	Banditin	GermaNet_synonym
Bandit	n	Brigant	GermaNet_hyponym
Bandit	n	Räuberin	GermaNet_hypernym
Bandit	n	Straßenräuber	GermaNet_synonym
Bandit	n	Straßenräuberin	GermaNet_synonym
Befestigung	n	Anbringen	GermaNet_synonym
Befestigung	n	Anbringung	GermaNet_synonym
Befestigung	n	Anfügung	GermaNet_synonym
Befestigung	n	Anheftung	GermaNet_hyponym
Befestigung	n	Ankleben	GermaNet_hyponym
Befestigung	n	Anlage	GermaNet_hypernym
Befestigung	n	Befestigen	GermaNet_synonym
Befestigung	n	Befestigungsanlage	GermaNet_synonym
Befestigung	n	Befestigungswerk	GermaNet_synonym
Befestigung	n	Feldbefestigung	GermaNet_hyponym
Befestigung	n	Festungsanlage	GermaNet_hyponym
Befestigung	n	Fort	GermaNet_hyponym
Befestigung	n	Fortifikation	GermaNet_synonym
Befestigung	n	Grenzbefestigung	GermaNet_hyponym
Befestigung	n	Kastell	GermaNet_hyponym
Befestigung	n	Palisade	GermaNet_hyponym
Befestigung	n	Schützengraben	GermaNet_hyponym
Befestigung	n	Stärkung	GermaNet_hypernym
Befestigung	n	Täfelung	GermaNet_hyponym
Befestigung	n	Uferbefestigung	GermaNet_hyponym
Befestigung	n	Vorwerk	GermaNet_hyponym
Befestigung	n	Wallanlage	GermaNet_hyponym
Befestigung	n	Zusammenfügung	GermaNet_hypernym
Bekanntheit	n	Bekanntschaft	GermaNet_synonym
Bekanntheit	n	Bekanntsein	GermaNet_synonym
Bekanntheit	n	Kunde	GermaNet_hypernym
Bekanntheit	n	Publizität	GermaNet_hyponym
Bekanntheit	n	Qualität einer Person	GermaNet_hypernym
Bekanntheit	n	Qualität einer Sache	GermaNet_hypernym
Bekanntheit	n	Unbekanntheit	GermaNet_antonym
Belagerung	n	Besatzungsmacht	GermaNet_related
Belagerung	n	Besatzungszeit	GermaNet_holonymComponent
Belagerung	n	Besatzungszone	GermaNet_related
Belagerung	n	Besetzung	GermaNet_synonym
Belagerung	n	Einschließung	GermaNet_hyponym
Belagerung	n	Entwendung	GermaNet_hypernym
Belagerung	n	Hausbesetzung	GermaNet_hyponym
Belagerung	n	Kaperung	GermaNet_hyponym
Belagerung	n	Okkupation	GermaNet_synonym
Belagerung	n	Überfall	GermaNet_hypernym
Besiedlung	n	Ansiedelung	GermaNet_synonym
Besiedlung	n	Ansiedlung	GermaNet_synonym
Besiedlung	n	Neuansiedlung	GermaNet_hyponym
Besiedlung	n	Wiederansiedlung	GermaNet_hyponym
Besiedlung	n	Wiederbesiedlung	GermaNet_hyponym
Besiedlung	n	Änderung	GermaNet_hypernym
Bewässerung	n	Befeuchtung	GermaNet_hyponym
Bewässerung	n	Berieselung	GermaNet_hyponym
Bewässerung	n	Besprühung	GermaNet_hyponym
Bewässerung	n	Entwässerung	GermaNet_antonym
Bewässerung	n	Sprengung	GermaNet_hyponym
Bewässerung	n	Änderung	GermaNet_hypernym
Bunker	n	Ausbrechen	GermaNet_related
Bunker	n	Bau	GermaNet_synonym
Bunker	n	Bundesgefängnis	GermaNet_hyponym
Bunker	n	Bunkeranlage	GermaNet_synonym
Bunker	n	Frauengefängnis	GermaNet_hyponym
Bunker	n	Führerbunker	GermaNet_hyponym
Bunker	n	Gefängnis	GermaNet_synonym
Bunker	n	Gefängnishof	GermaNet_meronymComponent
Bunker	n	Gefängnismauer	GermaNet_meronymComponent
Bunker	n	Gefängniszelle	GermaNet_meronymComponent
Bunker	n	Geheimgefängnis	GermaNet_hyponym
Bunker	n	Gestapo-Gefängnis	GermaNet_hyponym
Bunker	n	Haftanstalt	GermaNet_synonym
Bunker	n	Hochbunker	GermaNet_hyponym
Bunker	n	Hochsicherheitsgefängnis	GermaNet_hyponym
Bunker	n	Hochsicherheitstrakt	GermaNet_meronymComponent
Bunker	n	JVA	GermaNet_synonym
Bunker	n	Jugendstrafanstalt	GermaNet_hyponym
Bunker	n	Justizanstalt	GermaNet_synonym
Bunker	n	Justizvollzugsanstalt	GermaNet_synonym
Bunker	n	Kittchen	GermaNet_synonym
Bunker	n	Knast	GermaNet_synonym
Bunker	n	Kriegsverbrechergefängnis	GermaNet_hyponym
Bunker	n	Luftschutzbunker	GermaNet_synonym
Bunker	n	Magazin	GermaNet_hypernym
Bunker	n	Militärgefängnis	GermaNet_hyponym
Bunker	n	Polizeigefängnis	GermaNet_hyponym
Bunker	n	Refugium	GermaNet_hypernym
Bunker	n	Staatsgefängnis	GermaNet_hyponym
Bunker	n	Strafanstalt	GermaNet_synonym
Bunker	n	Strafvollzugsanstalt	GermaNet_synonym
Bunker	n	Untersuchungsgefängnis	GermaNet_hyponym
Bunker	n	Verwahrungsort	GermaNet_hypernym
Bunker	n	Vollzugsanstalt	GermaNet_synonym
Bunker	n	Zuchthaus	GermaNet_synonym
Chronologie	n	Abfolge	GermaNet_hyponym
Chronologie	n	Anachronismus	GermaNet_hyponym
Chronologie	n	Bitfolge	GermaNet_hyponym
Chronologie	n	Chronik	GermaNet_holonymComponent
Chronologie	n	Chronik	GermaNet_related
Chronologie	n	Folge	GermaNet_synonym
Chronologie	n	Geschlechterfolge	GermaNet_hyponym
Chronologie	n	Reihenfolge	GermaNet_synonym
Chronologie	n	Struktur	GermaNet_hypernym
Chronologie	n	Sukzession	GermaNet_hyponym
Chronologie	n	Vorgängerin	GermaNet_meronymComponent
Chronologie	n	Zeitabfolge	GermaNet_synonym
Chronologie	n	Zeitenfolge	GermaNet_hyponym
Chronologie	n	Zeitlauf	GermaNet_holonymComponent
Chronologie	n	Zeitreihe	GermaNet_hyponym
Defekt	n	Enzymdefekt	GermaNet_hyponym
Defekt	n	Fehler	GermaNet_hypernym
Defekt	n	Fehlfunktion	GermaNet_hypernym
Defekt	n	Gendefekt	GermaNet_hyponym
Defekt	n	Ladehemmung	GermaNet_hyponym
Defekt	n	Macke	GermaNet_hyponym
Diktatur	n	Bevölkerung	GermaNet_hypernym
Diktatur	n	Franco-Diktatur	GermaNet_hyponym
Diktatur	n	Militärdiktatur	GermaNet_hyponym
Diktatur	n	NS-Diktatur	GermaNet_hyponym
Diktatur	n	Nazidiktatur	GermaNet_hyponym
Diktatur	n	Regierung	GermaNet_hypernym
Diktatur	n	SED-Diktatur	GermaNet_hyponym
Diktatur	n	Selbstherrscherin	GermaNet_meronymMember
Diktatur	n	Totalitarismus	GermaNet_hyponym
Distrikt	n	Bezirk	GermaNet_hypernym
Distrikt	n	Bundesdistrikt	GermaNet_hyponym
Distrikt	n	Nachbardistrikt	GermaNet_hyponym
Distrikt	n	Polizeidistrikt	GermaNet_hyponym
Distrikt	n	Verwaltungsregion	GermaNet_hypernym
Druckerei	n	Buchdruckerei	GermaNet_hyponym
Druckerei	n	Druckereibetrieb	GermaNet_synonym
Druckerei	n	Produktionsstätte	GermaNet_hypernym
Druckerei	n	Setzkasten	GermaNet_related
Druckerei	n	Siebdruckerei	GermaNet_hyponym
Entdecker	n	Entdeckerin	GermaNet_synonym
Entdecker	n	Konquistador	GermaNet_hyponym
Entdecker	n	Pionierin	GermaNet_hypernym
Epos	n	Aeneis	GermaNet_hyponym
Epos	n	Bagavadghitta	GermaNet_hyponym
Epos	n	Beowulf	GermaNet_hyponym
Epos	n	Canto	GermaNet_meronymComponent
Epos	n	Edda	GermaNet_hyponym
Epos	n	Epik	GermaNet_hypernym
Epos	n	Gilgamesch-Epos	GermaNet_hyponym
Epos	n	Heldenepos	GermaNet_hyponym
Epos	n	Ilias	GermaNet_hyponym
Epos	n	Kalevala	GermaNet_hyponym
Epos	n	Kalewala	GermaNet_hyponym
Epos	n	Nationalepos	GermaNet_hyponym
Epos	n	Nibelungenlied	GermaNet_hyponym
Epos	n	Odyssee	GermaNet_hyponym
Epos	n	Paradise Lost	GermaNet_hyponym
Epos	n	Ulysses	GermaNet_hyponym
Epos	n	Versepos	GermaNet_hyponym
Erkennung	n	Erkennen	GermaNet_synonym
Erkennung	n	Fehlererkennung	GermaNet_hyponym
Erkennung	n	Herausfinden	GermaNet_hyponym
Erkennung	n	Identifikation	GermaNet_hyponym
Erkennung	n	Mustererkennung	GermaNet_hyponym
Erkennung	n	Spracherkennung	GermaNet_hyponym
Erkennung	n	Texterkennung	GermaNet_hyponym
Erkennung	n	Wahrnehmung	GermaNet_hypernym
Erkennung	n	Wiedererkennung	GermaNet_hyponym
Erkennung	n	Zielerfassung	GermaNet_hyponym
Erleichterung	n	Altersentlastung	GermaNet_hyponym
Erleichterung	n	Arbeitserleichterung	GermaNet_hyponym
Erleichterung	n	Auflockerung	GermaNet_hyponym
Erleichterung	n	Befreiung	GermaNet_synonym
Erleichterung	n	Entkriminalisierung	GermaNet_hyponym
Erleichterung	n	Entlastung	GermaNet_synonym
Erleichterung	n	Erlösung	GermaNet_hyponym
Erleichterung	n	Erschwerung	GermaNet_antonym
Erleichterung	n	Hilfe	GermaNet_hypernym
Erleichterung	n	Hochwasserentlastung	GermaNet_hyponym
Erleichterung	n	Leichte	GermaNet_hypernym
Erleichterung	n	Selbstbefreiung	GermaNet_hyponym
Erleichterung	n	Steuerbefreiung	GermaNet_hyponym
Erleichterung	n	Steuererleichterung	GermaNet_hyponym
Erleichterung	n	Verbesserung	GermaNet_hypernym
Erleichterung	n	Vereinfachung	GermaNet_hyponym
Erleichterung	n	Änderung	GermaNet_hypernym
Erschießung	n	Exekution	GermaNet_hypernym
Erschießung	n	Massenerschießung	GermaNet_hyponym
Farm	n	Hof	GermaNet_hypernym
Farm	n	Landgut	GermaNet_synonym
Farm	n	Pelztierfarm	GermaNet_hyponym
Fluglinie	n	AA	GermaNet_hyponym
Fluglinie	n	Aeroflot	GermaNet_hyponym
Fluglinie	n	Air France	GermaNet_hyponym
Fluglinie	n	Airline	GermaNet_synonym
Fluglinie	n	Alitalia	GermaNet_hyponym
Fluglinie	n	Aviatik	GermaNet_holonymComponent
Fluglinie	n	BA	GermaNet_hyponym
Fluglinie	n	Billigfluglinie	GermaNet_hyponym
Fluglinie	n	Charterfluggesellschaft	GermaNet_hyponym
Fluglinie	n	Eurowings	GermaNet_hyponym
Fluglinie	n	Fluggesellschaft	GermaNet_synonym
Fluglinie	n	Gesellschaft	GermaNet_hypernym
Fluglinie	n	Iberia	GermaNet_hyponym
Fluglinie	n	Interflug	GermaNet_hyponym
Fluglinie	n	LTU	GermaNet_hyponym
Fluglinie	n	Luftfahrtgesellschaft	GermaNet_synonym
Fluglinie	n	Lufthansa	GermaNet_hyponym
Fluglinie	n	Sabena	GermaNet_hyponym
Fluglinie	n	Singapore Airlines	GermaNet_hyponym
Fluglinie	n	Swissair	GermaNet_hyponym
Fluglinie	n	TWA	GermaNet_hyponym
Fluglinie	n	UA	GermaNet_hyponym
Garnison	n	Bataillon	GermaNet_synonym
Garnison	n	Falschirmjägerbataillon	GermaNet_hyponym
Garnison	n	Füsilierbataillon	GermaNet_hyponym
Garnison	n	Grenadierbataillon	GermaNet_hyponym
Garnison	n	Infanteriebataillon	GermaNet_hyponym
Garnison	n	Jägerbataillon	GermaNet_hyponym
Garnison	n	Militäreinheit	GermaNet_hypernym
Garnison	n	Panzerbataillon	GermaNet_hyponym
Garnison	n	Pionierbataillon	GermaNet_hyponym
Garnison	n	Strafbataillon	GermaNet_hyponym
Garnison	n	Wachbataillon	GermaNet_hyponym
Kannibale	n	Kannibalin	GermaNet_synonym
Kannibale	n	Menschenfresser	GermaNet_synonym
Kannibale	n	Menschenfresserin	GermaNet_synonym
Kannibale	n	Wilde	GermaNet_hypernym
Korrektur	n	Berichtigung	GermaNet_synonym
Korrektur	n	Farbkorrektur	GermaNet_hyponym
Korrektur	n	Fehlerkorrektur	GermaNet_hyponym
Korrektur	n	Grenzkorrektur	GermaNet_hyponym
Korrektur	n	Korrekturlesen	GermaNet_hyponym
Korrektur	n	Kurskorrektur	GermaNet_hyponym
Korrektur	n	Oberflächenkorrektur	GermaNet_hyponym
Korrektur	n	Rektifikation	GermaNet_hyponym
Korrektur	n	Revidierung	GermaNet_hyponym
Korrektur	n	Richtigstellung	GermaNet_hyponym
Korrektur	n	Wertberichtigung	GermaNet_hyponym
Korrektur	n	Änderung	GermaNet_hypernym
Korrektur	n	Übermalung	GermaNet_hyponym
Krieg	n	Abnutzungskrieg	GermaNet_hyponym
Krieg	n	Angriffskrieg	GermaNet_hyponym
Krieg	n	Atomkrieg	GermaNet_hyponym
Krieg	n	Bandenkrieg	GermaNet_hyponym
Krieg	n	Bauernkrieg	GermaNet_hyponym
Krieg	n	Befreiungskrieg	GermaNet_hyponym
Krieg	n	Blitzkrieg	GermaNet_hyponym
Krieg	n	Bombenkrieg	GermaNet_hyponym
Krieg	n	Bürgerkrieg	GermaNet_hyponym
Krieg	n	Einigungskrieg	GermaNet_hyponym
Krieg	n	Erbfolgekrieg	GermaNet_hyponym
Krieg	n	Eroberungskrieg	GermaNet_hyponym
Krieg	n	Fortsetzungskrieg	GermaNet_hyponym
Krieg	n	Freiheitskrieg	GermaNet_hyponym
Krieg	n	Friede	GermaNet_antonym
Krieg	n	Gebirgskrieg	GermaNet_hyponym
Krieg	n	Glaubenskrieg	GermaNet_hyponym
Krieg	n	Grabenkrieg	GermaNet_hyponym
Krieg	n	Grenzkrieg	GermaNet_hyponym
Krieg	n	Guerilla	GermaNet_hyponym
Krieg	n	Handelskrieg	GermaNet_hyponym
Krieg	n	Kleinkrieg	GermaNet_hyponym
Krieg	n	Klonkrieg	GermaNet_hyponym
Krieg	n	Koalitionskrieg	GermaNet_hyponym
Krieg	n	Kolonialkrieg	GermaNet_hyponym
Krieg	n	Kriegsgerät	GermaNet_meronymComponent
Krieg	n	Kriegsschauplatz	GermaNet_meronymComponent
Krieg	n	Kriegszeit	GermaNet_holonymSubstance
Krieg	n	Krimkrieg	GermaNet_hyponym
Krieg	n	Landkrieg	GermaNet_hyponym
Krieg	n	Luftkrieg	GermaNet_hyponym
Krieg	n	Militäraktion	GermaNet_hypernym
Krieg	n	Opiumkrieg	GermaNet_hyponym
Krieg	n	Partisanenkrieg	GermaNet_hyponym
Krieg	n	Religionskrieg	GermaNet_hyponym
Krieg	n	Revolutionskrieg	GermaNet_hyponym
Krieg	n	Ringkrieg	GermaNet_hyponym
Krieg	n	Sachsenkrieg	GermaNet_hyponym
Krieg	n	Seekrieg	GermaNet_hyponym
Krieg	n	Sezessionskrieg	GermaNet_hyponym
Krieg	n	Stammeskrieg	GermaNet_hyponym
Krieg	n	Stellungskrieg	GermaNet_hyponym
Krieg	n	Stellvertreterkrieg	GermaNet_hyponym
Krieg	n	Städtekrieg	GermaNet_hyponym
Krieg	n	Unabhängigkeitskrieg	GermaNet_hyponym
Krieg	n	Vernichtungskrieg	GermaNet_hyponym
Krieg	n	Verteidigungskrieg	GermaNet_hyponym
Krieg	n	Weltkrieg	GermaNet_hyponym
Krieg	n	Zweifrontenkrieg	GermaNet_hyponym
Krieg	n	historischer Krieg	GermaNet_hyponym
Krieg	n	politische Handlung	GermaNet_hypernym
Kürzel	n	Abbreviation	GermaNet_synonym
Kürzel	n	Abbreviatur	GermaNet_synonym
Kürzel	n	Abkürzung	GermaNet_synonym
Kürzel	n	Akronym	GermaNet_hyponym
Kürzel	n	Autorenkürzel	GermaNet_hyponym
Kürzel	n	Einheitenzeichen	GermaNet_hyponym
Kürzel	n	Kurzform	GermaNet_synonym
Kürzel	n	Kurzwort	GermaNet_synonym
Kürzel	n	Länderkürzel	GermaNet_hyponym
Kürzel	n	Wort	GermaNet_hypernym
Lieferung	n	Ablieferung	GermaNet_synonym
Lieferung	n	Anlieferung	GermaNet_synonym
Lieferung	n	Auslieferung	GermaNet_synonym
Lieferung	n	Aussetzen	GermaNet_hyponym
Lieferung	n	Belieferung	GermaNet_synonym
Lieferung	n	Drogenlieferung	GermaNet_hyponym
Lieferung	n	Hilfslieferung	GermaNet_hyponym
Lieferung	n	Konsumgut	GermaNet_hypernym
Lieferung	n	Nachlieferung	GermaNet_hyponym
Lieferung	n	Nachschublieferung	GermaNet_hyponym
Lieferung	n	Transaktion	GermaNet_hypernym
Lieferung	n	Waffenlieferung	GermaNet_hyponym
Lieferung	n	Warenlieferung	GermaNet_hyponym
Lieferung	n	Warenlieferung	GermaNet_synonym
Lieferung	n	Zulieferung	GermaNet_hyponym
Likör	n	Bärenfang	GermaNet_hyponym
Likör	n	Campari	GermaNet_hyponym
Likör	n	Cassis	GermaNet_hyponym
Likör	n	Danziger	GermaNet_hyponym
Likör	n	Kräuterlikör	GermaNet_hyponym
Likör	n	Mandellikör	GermaNet_hyponym
Likör	n	Orangenlikör	GermaNet_hyponym
Likör	n	Spirituose	GermaNet_hypernym
Meisterin	n	Altmeister	GermaNet_hyponym
Meisterin	n	Amateurmeister	GermaNet_hyponym
Meisterin	n	Ballettmeisterin	GermaNet_hyponym
Meisterin	n	Braumeisterin	GermaNet_hyponym
Meisterin	n	Bäckermeisterin	GermaNet_hyponym
Meisterin	n	Champion	GermaNet_synonym
Meisterin	n	DDR-Meister	GermaNet_hyponym
Meisterin	n	Ddr-Meister	GermaNet_hyponym
Meisterin	n	Europameisterin	GermaNet_hyponym
Meisterin	n	Fechtmeisterin	GermaNet_hyponym
Meisterin	n	Fleischermeisterin	GermaNet_hyponym
Meisterin	n	Friseurmeisterin	GermaNet_hyponym
Meisterin	n	Fußballeuropameister	GermaNet_related
Meisterin	n	Fußballmeister	GermaNet_related
Meisterin	n	Fußballweltmeister	GermaNet_related
Meisterin	n	Gildemeisterin	GermaNet_hyponym
Meisterin	n	Handwerksmeisterin	GermaNet_hyponym
Meisterin	n	Herausforderin	GermaNet_hypernym
Meisterin	n	Jugendmeisterin	GermaNet_hyponym
Meisterin	n	Küchenmeisterin	GermaNet_hyponym
Meisterin	n	Landesmeisterin	GermaNet_hyponym
Meisterin	n	Lehrherrin	GermaNet_hyponym
Meisterin	n	Lehrmeister	GermaNet_synonym
Meisterin	n	Lehrmeisterin	GermaNet_synonym
Meisterin	n	Malermeisterin	GermaNet_hyponym
Meisterin	n	Mannschaftsmeisterin	GermaNet_hyponym
Meisterin	n	Maurermeisterin	GermaNet_hyponym
Meisterin	n	Meister	GermaNet_synonym
Meisterin	n	Orgelbaumeisterin	GermaNet_hyponym
Meisterin	n	Polizeihauptmeister	GermaNet_hyponym
Meisterin	n	Postmeisterin	GermaNet_hyponym
Meisterin	n	Quartiermeisterin	GermaNet_hyponym
Meisterin	n	Rekordhalterin	GermaNet_hyponym
Meisterin	n	Schachgroßmeisterin	GermaNet_hyponym
Meisterin	n	Schachmeister	GermaNet_hyponym
Meisterin	n	Schießmeisterin	GermaNet_hyponym
Meisterin	n	Schlossermeisterin	GermaNet_hyponym
Meisterin	n	Schmiedemeisterin	GermaNet_hyponym
Meisterin	n	Schneidermeisterin	GermaNet_hyponym
Meisterin	n	Seniorenmeisterin	GermaNet_hyponym
Meisterin	n	Serienmeisterin	GermaNet_hyponym
Meisterin	n	Stallmeisterin	GermaNet_hyponym
Meisterin	n	Steinmetzmeisterin	GermaNet_hyponym
Meisterin	n	Tischlermeisterin	GermaNet_hyponym
Meisterin	n	Titelhalter	GermaNet_synonym
Meisterin	n	Titelhalterin	GermaNet_synonym
Meisterin	n	Titelverteidigerin	GermaNet_hyponym
Meisterin	n	Verantwortliche	GermaNet_hypernym
Meisterin	n	Vizemeisterin	GermaNet_hyponym
Meisterin	n	Weltmeisterin	GermaNet_hyponym
Meisterin	n	Werkmeisterin	GermaNet_hyponym
Meisterin	n	Zimmermeisterin	GermaNet_hyponym
Meisterin	n	Zunftmeisterin	GermaNet_hyponym
Meisterin	n	ausgebildeter Mensch	GermaNet_hypernym
Metallurgie	n	Abbrand	GermaNet_related
Metallurgie	n	Hüttenkunde	GermaNet_synonym
Metallurgie	n	Hüttenwesen	GermaNet_synonym
Metallurgie	n	Ingenieurwesen	GermaNet_hypernym
Metallurgie	n	Metallindustrie	GermaNet_hypernym
Metallurgie	n	Wind	GermaNet_related
Millionär	n	Geldbesitzerin	GermaNet_hypernym
Millionär	n	Millionärin	GermaNet_synonym
Monarch	n	Aristokratin	GermaNet_hypernym
Monarch	n	Kaiserin	GermaNet_hyponym
Monarch	n	Königin	GermaNet_hyponym
Monarch	n	Monarchin	GermaNet_synonym
Monarch	n	Queen	GermaNet_hyponym
Monarch	n	Schah	GermaNet_hyponym
Monarch	n	Souveränin	GermaNet_hyponym
Monarch	n	Staatsoberhaupt	GermaNet_hypernym
Monarch	n	Zar	GermaNet_hyponym
Mächtigkeit	n	Allwissenheit	GermaNet_hyponym
Mächtigkeit	n	Arbeitskraft	GermaNet_hyponym
Mächtigkeit	n	Ausdrucksstärke	GermaNet_hyponym
Mächtigkeit	n	Ausstrahlungskraft	GermaNet_hyponym
Mächtigkeit	n	Befugnis	GermaNet_hyponym
Mächtigkeit	n	Beweiskraft	GermaNet_hyponym
Mächtigkeit	n	Einfluss	GermaNet_hyponym
Mächtigkeit	n	Einfluß	GermaNet_hyponym
Mächtigkeit	n	Finanzkraft	GermaNet_hyponym
Mächtigkeit	n	Gegenkraft	GermaNet_hyponym
Mächtigkeit	n	Gegenmacht	GermaNet_hyponym
Mächtigkeit	n	Gesetzeskraft	GermaNet_hyponym
Mächtigkeit	n	Gestaltungskraft	GermaNet_hyponym
Mächtigkeit	n	Gewalt	GermaNet_hyponym
Mächtigkeit	n	Hausmacht	GermaNet_hyponym
Mächtigkeit	n	Heilkraft	GermaNet_hyponym
Mächtigkeit	n	Herrschaft	GermaNet_hyponym
Mächtigkeit	n	Integrationskraft	GermaNet_hyponym
Mächtigkeit	n	Kampfkraft	GermaNet_hyponym
Mächtigkeit	n	Kommando	GermaNet_hyponym
Mächtigkeit	n	Kraft	GermaNet_synonym
Mächtigkeit	n	Königsmacht	GermaNet_hyponym
Mächtigkeit	n	Leuchtkraft	GermaNet_hyponym
Mächtigkeit	n	Macht	GermaNet_synonym
Mächtigkeit	n	Machtbasis	GermaNet_meronymComponent
Mächtigkeit	n	Marktmacht	GermaNet_hyponym
Mächtigkeit	n	Menschenkraft	GermaNet_hyponym
Mächtigkeit	n	Oberhand	GermaNet_hyponym
Mächtigkeit	n	Omnipotenz	GermaNet_hyponym
Mächtigkeit	n	Power	GermaNet_synonym
Mächtigkeit	n	Produktivkraft	GermaNet_hyponym
Mächtigkeit	n	Qualität einer Person	GermaNet_hypernym
Mächtigkeit	n	Qualität einer Sache	GermaNet_hypernym
Mächtigkeit	n	Rechtskraft	GermaNet_hyponym
Mächtigkeit	n	Regierungsmacht	GermaNet_hyponym
Mächtigkeit	n	Regulator	GermaNet_hyponym
Mächtigkeit	n	Symbolkraft	GermaNet_hyponym
Mächtigkeit	n	Verteidigungskraft	GermaNet_hyponym
Mächtigkeit	n	Wehrkraft	GermaNet_hyponym
Mächtigkeit	n	Willenskraft	GermaNet_hyponym
Mächtigkeit	n	Willkür	GermaNet_hyponym
Mächtigkeit	n	Wirksamkeit	GermaNet_hyponym
Mächtigkeit	n	Zauberkraft	GermaNet_hyponym
Mächtigkeit	n	Zerstörungskraft	GermaNet_hyponym
Plünderung	n	Ausplünderung	GermaNet_hyponym
Plünderung	n	Beraubung	GermaNet_hypernym
Problem	n	Abgrenzungsproblem	GermaNet_hyponym
Problem	n	Alkoholproblem	GermaNet_hyponym
Problem	n	Alltagsproblem	GermaNet_hyponym
Problem	n	Angelegenheit	GermaNet_hypernym
Problem	n	Arbeiterfrage	GermaNet_hyponym
Problem	n	Ausländerproblem	GermaNet_hyponym
Problem	n	Beziehungsproblem	GermaNet_hyponym
Problem	n	Drogenproblem	GermaNet_hyponym
Problem	n	Eheproblem	GermaNet_hyponym
Problem	n	Einzelfallproblem	GermaNet_hyponym
Problem	n	Entscheidungsproblem	GermaNet_hyponym
Problem	n	Entsorgungsproblem	GermaNet_hyponym
Problem	n	Finanzproblem	GermaNet_hyponym
Problem	n	Flüchtlingsfrage	GermaNet_hyponym
Problem	n	Frauenfrage	GermaNet_hyponym
Problem	n	Geldproblem	GermaNet_hyponym
Problem	n	Gesundheitsproblem	GermaNet_hyponym
Problem	n	Grenzfrage	GermaNet_hyponym
Problem	n	Grundproblem	GermaNet_hyponym
Problem	n	Hindernis	GermaNet_hyponym
Problem	n	Kapazitätsproblem	GermaNet_hyponym
Problem	n	Kernproblem	GermaNet_hyponym
Problem	n	Kommunikationsproblem	GermaNet_hyponym
Problem	n	Leib-Seele-Problem	GermaNet_hyponym
Problem	n	Lizenzproblem	GermaNet_hyponym
Problem	n	Lösung	GermaNet_antonym
Problem	n	Menschenrechtsfrage	GermaNet_hyponym
Problem	n	Müllproblem	GermaNet_hyponym
Problem	n	Neutralitätsproblem	GermaNet_hyponym
Problem	n	Optimierungsproblem	GermaNet_hyponym
Problem	n	Platzproblem	GermaNet_hyponym
Problem	n	Problematik	GermaNet_synonym
Problem	n	Problemkreis	GermaNet_holonymMember
Problem	n	Problemstellung	GermaNet_meronymComponent
Problem	n	Problemstellung	GermaNet_synonym
Problem	n	Qualitätsproblem	GermaNet_hyponym
Problem	n	Rätsel	GermaNet_hyponym
Problem	n	Schachproblem	GermaNet_hyponym
Problem	n	Schnittstellenproblem	GermaNet_hyponym
Problem	n	Sicherheitsproblem	GermaNet_hyponym
Problem	n	Sprachproblem	GermaNet_hyponym
Problem	n	Strukturproblem	GermaNet_hyponym
Problem	n	Teilproblem	GermaNet_hyponym
Problem	n	Transportproblem	GermaNet_hyponym
Problem	n	Umweltproblem	GermaNet_hyponym
Problem	n	Verkehrsproblem	GermaNet_hyponym
Problem	n	Verletzungsproblem	GermaNet_hyponym
Problem	n	Versorgungsproblem	GermaNet_hyponym
Problem	n	Verständnisproblem	GermaNet_hyponym
Problem	n	Welthunger	GermaNet_hyponym
Problem	n	Wirtschaftsfrage	GermaNet_hyponym
Rendite	n	Gewinn	GermaNet_hypernym
Rendite	n	Umsatzrendite	GermaNet_hyponym
Rendite	n	Verzinsung	GermaNet_hyponym
Rezeption	n	Anmeldung	GermaNet_synonym
Rezeption	n	Aufnahme	GermaNet_hypernym
Rezeption	n	Empfang	GermaNet_synonym
Rezeption	n	Empfangsbereich	GermaNet_synonym
Rezeption	n	Empfangsschalter	GermaNet_synonym
Rezeption	n	Schalter	GermaNet_hypernym
Rivalität	n	zwischenmenschliche Beziehung	GermaNet_hypernym
Signal	n	Analogsignal	GermaNet_hyponym
Signal	n	Ausfahrsignal	GermaNet_hyponym
Signal	n	Ausgangssignal	GermaNet_hyponym
Signal	n	Bake	GermaNet_hyponym
Signal	n	Blocksignal	GermaNet_hyponym
Signal	n	Digitalsignal	GermaNet_hyponym
Signal	n	Einfahrsignal	GermaNet_hyponym
Signal	n	Eingangssignal	GermaNet_hyponym
Signal	n	Eisenbahnsignal	GermaNet_synonym
Signal	n	Fernsehsignal	GermaNet_hyponym
Signal	n	Funksignal	GermaNet_hyponym
Signal	n	Grenzmarke	GermaNet_hyponym
Signal	n	Hauptsignal	GermaNet_hyponym
Signal	n	Indikator	GermaNet_hyponym
Signal	n	Leuchtsignal	GermaNet_hyponym
Signal	n	Lichtsignal	GermaNet_hyponym
Signal	n	Messsignal	GermaNet_hyponym
Signal	n	Meßsignal	GermaNet_hyponym
Signal	n	Notsignal	GermaNet_hyponym
Signal	n	Nutzsignal	GermaNet_hyponym
Signal	n	Radiosignal	GermaNet_hyponym
Signal	n	Signum	GermaNet_hypernym
Signal	n	Sondersignal	GermaNet_hyponym
Signal	n	Sprachsignal	GermaNet_hyponym
Signal	n	Startsignal	GermaNet_hyponym
Signal	n	Steuersignal	GermaNet_hyponym
Signal	n	Störsignal	GermaNet_hyponym
Signal	n	Tonsignal	GermaNet_hyponym
Signal	n	Trägersignal	GermaNet_hyponym
Signal	n	Videosignal	GermaNet_hyponym
Signal	n	Vorsignal	GermaNet_hyponym
Signal	n	Warnsignal	GermaNet_hyponym
Signal	n	Zeitsignal	GermaNet_hyponym
Streuung	n	Aufteilung	GermaNet_hypernym
Terroristin	n	Attentäterin	GermaNet_hypernym
Terroristin	n	Minenleger	GermaNet_hyponym
Terroristin	n	Terrorist	GermaNet_synonym
Terroristin	n	Terrorzelle	GermaNet_holonymMember
Terroristin	n	Topterroristin	GermaNet_hyponym
Varietät	n	Angebotspalette	GermaNet_hyponym
Varietät	n	Aufgabenpalette	GermaNet_hyponym
Varietät	n	Bandbreite	GermaNet_synonym
Varietät	n	Berufsspektrum	GermaNet_hyponym
Varietät	n	Beutespektrum	GermaNet_hyponym
Varietät	n	Diktion	GermaNet_hypernym
Varietät	n	Disparität	GermaNet_hypernym
Varietät	n	Erzeugnisspektrum	GermaNet_hyponym
Varietät	n	Farbpalette	GermaNet_hyponym
Varietät	n	Fassung	GermaNet_hyponym
Varietät	n	Frequenzspektrum	GermaNet_hyponym
Varietät	n	Klangspektrum	GermaNet_hyponym
Varietät	n	Leistungsspektrum	GermaNet_hyponym
Varietät	n	Linienspektrum	GermaNet_hyponym
Varietät	n	Modellpalette	GermaNet_hyponym
Varietät	n	Motorenpalette	GermaNet_hyponym
Varietät	n	Nahrungsspektrum	GermaNet_hyponym
Varietät	n	Palette	GermaNet_synonym
Varietät	n	Parteienspektrum	GermaNet_hyponym
Varietät	n	Produktpalette	GermaNet_hyponym
Varietät	n	Spannbreite	GermaNet_hyponym
Varietät	n	Spektrum	GermaNet_synonym
Varietät	n	Sprachvarietät	GermaNet_synonym
Varietät	n	Standardvarietät	GermaNet_hyponym
Varietät	n	Themenspektrum	GermaNet_hyponym
Varietät	n	Tätigkeitsspektrum	GermaNet_hyponym
Varietät	n	Variante	GermaNet_hyponym
Varietät	n	Variationsbreite	GermaNet_hyponym
Varietät	n	biologische Gruppe	GermaNet_hypernym
Varietät	n	viel von einer Menge	GermaNet_hypernym
Verbannung	n	Exil	GermaNet_hyponym
Verbannung	n	Fernhalten	GermaNet_hypernym
Verbannung	n	Verstoßung	GermaNet_synonym
Verfilmung	n	Bibelverfilmung	GermaNet_hyponym
Verfilmung	n	Comicverfilmung	GermaNet_hyponym
Verfilmung	n	Fernsehverfilmung	GermaNet_hyponym
Verfilmung	n	Literaturverfilmung	GermaNet_hyponym
Verfilmung	n	Movie	GermaNet_hypernym
Verfilmung	n	Neuverfilmung	GermaNet_hyponym
Verfilmung	n	Revuefilm	GermaNet_hyponym
Versuchung	n	Gefährdung	GermaNet_hypernym
Versuchung	n	Verlockung	GermaNet_synonym
Zustellung	n	Postzustellung	GermaNet_hyponym
Zustellung	n	Transaktion	GermaNet_hypernym
Zustellung	n	Zuleitung	GermaNet_synonym
Zustellung	n	Zusendung	GermaNet_synonym
ablöschen	v	aufgießen	GermaNet_synonym
ablöschen	v	aufschütten	GermaNet_synonym
ablöschen	v	zubereiten	GermaNet_hypernym
abmalen	v	malen	GermaNet_hypernym
abstürzen	v	intern verarbeiten	GermaNet_hypernym
abstürzen	v	verunfallen	GermaNet_hypernym
abwechselnd	a	differenzierbar	GermaNet_hypernym
abwechselnd	a	wechselnd	GermaNet_synonym
alkoholsüchtig	a	alkoholabhängig	GermaNet_synonym
alkoholsüchtig	a	süchtig	GermaNet_hypernym
alkoholsüchtig	a	trunksüchtig	GermaNet_synonym
angestammt	a	ererbt	GermaNet_synonym
angestammt	a	legitim	GermaNet_hypernym
angestammt	a	zustehend	GermaNet_synonym
anklagen	v	bemäkeln	GermaNet_hypernym
anklagen	v	klagen	GermaNet_hypernym
anprobieren	v	kleiden	GermaNet_hypernym
anprobieren	v	probieren	GermaNet_synonym
anspitzen	v	deformieren	GermaNet_hypernym
anspitzen	v	spitzen	GermaNet_synonym
asexuell	a	sexuell	GermaNet_antonym
asexuell	a	sexuell orientiert	GermaNet_hypernym
assoziieren	v	beziehen	GermaNet_hyponym
assoziieren	v	denken	GermaNet_hypernym
assoziieren	v	koordinieren	GermaNet_hyponym
assoziieren	v	koppeln	GermaNet_hyponym
assoziieren	v	verbinden	GermaNet_synonym
assoziieren	v	verknüpfen	GermaNet_synonym
assoziieren	v	verkoppeln	GermaNet_hyponym
assoziieren	v	verquicken	GermaNet_hyponym
ausführbar	a	abziehbar	GermaNet_hyponym
ausführbar	a	durchführbar	GermaNet_synonym
ausführbar	a	durchsetzbar	GermaNet_hyponym
ausführbar	a	gangbar	GermaNet_hyponym
ausführbar	a	kompatibel	GermaNet_hyponym
ausführbar	a	konstruierbar	GermaNet_hyponym
ausführbar	a	machbar	GermaNet_synonym
ausführbar	a	möglich	GermaNet_hypernym
ausführbar	a	prüfbar	GermaNet_hyponym
ausführbar	a	rekonstruierbar	GermaNet_hyponym
ausführbar	a	spielbar	GermaNet_hyponym
ausführbar	a	umsetzbar	GermaNet_synonym
ausführbar	a	wiederholbar	GermaNet_hyponym
ausführbar	a	überwindbar	GermaNet_hyponym
ausgestattet	a	ausgerüstet	GermaNet_synonym
ausgestattet	a	ausstattungsspezifisch	GermaNet_hypernym
ausgestattet	a	beritten	GermaNet_hyponym
ausgestattet	a	bewaffnet	GermaNet_hyponym
ausgestattet	a	eisenbeschlagen	GermaNet_hyponym
ausgestattet	a	gedeckt	GermaNet_hyponym
ausgestattet	a	versehen	GermaNet_synonym
ausgestattet	a	vollbeladen	GermaNet_hyponym
ausgestattet	a	zugedeckt	GermaNet_hyponym
aussagekräftig	a	aussagefähig	GermaNet_synonym
aussagekräftig	a	repräsentativ	GermaNet_synonym
aussagekräftig	a	signifikant	GermaNet_hypernym
befördern	v	antransportieren	GermaNet_hyponym
befördern	v	antreiben	GermaNet_hyponym
befördern	v	ausfliegen	GermaNet_hyponym
befördern	v	besser stellen	GermaNet_hypernym
befördern	v	bewegen	GermaNet_hypernym
befördern	v	bugsieren	GermaNet_hyponym
befördern	v	deportieren	GermaNet_hyponym
befördern	v	einbringen	GermaNet_hyponym
befördern	v	eindocken	GermaNet_hyponym
befördern	v	einfliegen	GermaNet_hyponym
befördern	v	fahren	GermaNet_hyponym
befördern	v	hineinbefördern	GermaNet_hyponym
befördern	v	packen	GermaNet_hyponym
befördern	v	schaffen	GermaNet_hyponym
befördern	v	setzen	GermaNet_hyponym
befördern	v	transportieren	GermaNet_synonym
befördern	v	triften	GermaNet_hyponym
befördern	v	tun	GermaNet_hyponym
befördern	v	verschiffen	GermaNet_hyponym
befördern	v	zurücktransportieren	GermaNet_hyponym
befördern	v	überführen	GermaNet_hyponym
belehren	v	abbringen	GermaNet_hypernym
belehren	v	dozieren	GermaNet_synonym
belehren	v	lehren	GermaNet_hypernym
brutal	a	blutig	GermaNet_hyponym
brutal	a	blutrünstig	GermaNet_hyponym
brutal	a	charakterspezifisch	GermaNet_hypernym
brutal	a	gewalttätig	GermaNet_synonym
brutal	a	gnadenlos	GermaNet_hyponym
brutal	a	grausam	GermaNet_hyponym
brutal	a	handgreiflich	GermaNet_hyponym
brutal	a	hart	GermaNet_hyponym
brutal	a	höllisch	GermaNet_synonym
brutal	a	infernal	GermaNet_hyponym
brutal	a	kannibalisch	GermaNet_hyponym
brutal	a	militant	GermaNet_hyponym
brutal	a	mitleidslos	GermaNet_hyponym
brutal	a	mörderisch	GermaNet_synonym
brutal	a	negativ	GermaNet_hypernym
brutal	a	roh	GermaNet_hyponym
brutal	a	rüd	GermaNet_hyponym
brutal	a	stark	GermaNet_hypernym
brutal	a	tätlich	GermaNet_hyponym
deckeln	v	schimpfen	GermaNet_hypernym
demobilisieren	v	entmobilisieren	GermaNet_synonym
demobilisieren	v	entwaffnen	GermaNet_hyponym
demobilisieren	v	mobilisieren	GermaNet_antonym
demobilisieren	v	wandeln	GermaNet_hypernym
diversifizieren	v	umstellen	GermaNet_hypernym
drillen	v	großziehen	GermaNet_hypernym
duplizieren	v	hektografieren	GermaNet_hypernym
duplizieren	v	hektographieren	GermaNet_hypernym
dynamisieren	v	voran bringen	GermaNet_hypernym
dynamisieren	v	voranbringen	GermaNet_hypernym
dünnhäutig	a	dickhäutig	GermaNet_antonym
dünnhäutig	a	empfindsam	GermaNet_hypernym
dünnhäutig	a	wehleidig	GermaNet_hyponym
dünnhäutig	a	zart besaitet	GermaNet_synonym
dünnhäutig	a	zartbesaitet	GermaNet_synonym
dünnhäutig	a	überempfindlich	GermaNet_synonym
eindringen	v	angreifen	GermaNet_hypernym
eindringen	v	einbrechen	GermaNet_hyponym
eindringen	v	einfallen	GermaNet_synonym
eindringen	v	kopulieren	GermaNet_hypernym
eindringen	v	penetrieren	GermaNet_synonym
entlohnen	v	besolden	GermaNet_hyponym
entlohnen	v	bezahlen	GermaNet_synonym
entlohnen	v	dotieren	GermaNet_hyponym
entlohnen	v	geben	GermaNet_hypernym
erlöschen	v	ausgehen	GermaNet_hypernym
erlöschen	v	enden	GermaNet_hypernym
erlöschen	v	nachlassen	GermaNet_hypernym
erlöschen	v	verglimmen	GermaNet_hyponym
erlöschen	v	verglühen	GermaNet_hyponym
erlöschen	v	verlöschen	GermaNet_synonym
erlöschen	v	zusammensinken	GermaNet_hyponym
ernennen	v	berufen	GermaNet_hypernym
ernennen	v	stellen	GermaNet_hyponym
exaltiert	a	aufgeregt	GermaNet_hypernym
exaltiert	a	überkandidelt	GermaNet_synonym
explodieren	v	allgemeines Geräusch	GermaNet_hypernym
explodieren	v	hochgehen	GermaNet_hyponym
explodieren	v	platzen	GermaNet_hypernym
explodieren	v	ärgern	GermaNet_hypernym
extern	a	auswärtig	GermaNet_hyponym
extern	a	außerhalb	GermaNet_synonym
extern	a	betriebsübergreifend	GermaNet_hyponym
extern	a	exterritorial	GermaNet_hyponym
extern	a	extrakorporal	GermaNet_hyponym
extern	a	herkunftsspezifisch	GermaNet_hypernym
extern	a	intern	GermaNet_antonym
extern	a	parteiübergreifend	GermaNet_hyponym
fegen	v	Instrument zum Anstoß	GermaNet_hypernym
fegen	v	Raserin	GermaNet_related
fegen	v	brettern	GermaNet_synonym
fegen	v	düsen	GermaNet_synonym
fegen	v	feudeln	GermaNet_synonym
fegen	v	flitzen	GermaNet_synonym
fegen	v	heizen	GermaNet_synonym
fegen	v	kehren	GermaNet_synonym
fegen	v	pesen	GermaNet_synonym
fegen	v	preschen	GermaNet_synonym
fegen	v	pressieren	GermaNet_hypernym
fegen	v	putzen	GermaNet_hypernym
fegen	v	rasen	GermaNet_synonym
fegen	v	sausen	GermaNet_synonym
fegen	v	schesen	GermaNet_synonym
fegen	v	zischen	GermaNet_synonym
fegen	v	zurasen	GermaNet_hyponym
fesselnd	a	atemraubend	GermaNet_hyponym
fesselnd	a	attraktiv	GermaNet_hyponym
fesselnd	a	begeisternd	GermaNet_synonym
fesselnd	a	faszinierend	GermaNet_synonym
fesselnd	a	interessant	GermaNet_hypernym
fundieren	v	basieren	GermaNet_hypernym
fundieren	v	gründen	GermaNet_synonym
gedeihen	v	entwickeln	GermaNet_hypernym
gedeihen	v	unwillkürlicher Prozess	GermaNet_hypernym
glückbringend	a	Heil bringed	GermaNet_synonym
glückbringend	a	fruchtbar	GermaNet_hypernym
glückbringend	a	heilbringend	GermaNet_synonym
grüblerisch	a	gedankenvoll	GermaNet_hypernym
hegemonial	a	denom Gruppe	GermaNet_hypernym
hegemonial	a	hegemonisch	GermaNet_synonym
humorvoll	a	fröhlich	GermaNet_hypernym
humorvoll	a	humorig	GermaNet_synonym
humorvoll	a	humorlos	GermaNet_antonym
hüten	v	aufpassen	GermaNet_hypernym
hüten	v	babysitten	GermaNet_synonym
inakzeptabel	a	bodenlos	GermaNet_hyponym
inakzeptabel	a	empörend	GermaNet_hyponym
inakzeptabel	a	entwürdigend	GermaNet_hyponym
inakzeptabel	a	himmelschreiend	GermaNet_hyponym
inakzeptabel	a	negativ	GermaNet_hypernym
inakzeptabel	a	unakzeptabel	GermaNet_synonym
inakzeptabel	a	unannehmbar	GermaNet_hyponym
inakzeptabel	a	unvertretbar	GermaNet_hyponym
inventarisieren	v	ordnen	GermaNet_hypernym
jäten	v	gärteln	GermaNet_hypernym
kameradschaftlich	a	freundlich	GermaNet_hypernym
katalysieren	v	chemische Veränderung	GermaNet_hypernym
katalysieren	v	verschnellern	GermaNet_hypernym
koalieren	v	kooperieren	GermaNet_hypernym
konstruktiv	a	destruktiv	GermaNet_antonym
konstruktiv	a	hilfreich	GermaNet_hypernym
kontrollierbar	a	nachprüfbar	GermaNet_hypernym
kontrollierbar	a	unkontrollierbar	GermaNet_antonym
korrespondieren	v	schreiben	GermaNet_synonym
korrespondieren	v	verbal kommunizieren	GermaNet_hypernym
kryptisch	a	mysteriös	GermaNet_synonym
kryptisch	a	nicht öffentlich	GermaNet_hypernym
kryptisch	a	nichtöffentlich	GermaNet_hypernym
laben	v	auffrischen	GermaNet_hypernym
laben	v	erlaben	GermaNet_synonym
laben	v	erquicken	GermaNet_synonym
laben	v	letzen	GermaNet_synonym
lancieren	v	fördern	GermaNet_hypernym
langjährig	a	alt	GermaNet_hypernym
lecken	v	Art zu essen	GermaNet_hypernym
lecken	v	Körperbewegung	GermaNet_hypernym
lecken	v	auslaufen	GermaNet_hypernym
lecken	v	belecken	GermaNet_hyponym
lecken	v	lutschen	GermaNet_synonym
lecken	v	nuckeln	GermaNet_synonym
lecken	v	rinnen	GermaNet_hyponym
lecken	v	streuen	GermaNet_hyponym
legitimieren	v	ausweisen	GermaNet_hyponym
legitimieren	v	bestätigen	GermaNet_hypernym
leimen	v	anleimen	GermaNet_hyponym
leimen	v	bescheißen	GermaNet_hypernym
leimen	v	düpieren	GermaNet_hyponym
leimen	v	kleben	GermaNet_hypernym
leimen	v	täuschen	GermaNet_synonym
leimen	v	verstellen	GermaNet_hyponym
leimen	v	vortäuschen	GermaNet_hyponym
leimen	v	zusammenleimen	GermaNet_hyponym
löten	v	festlöten	GermaNet_hyponym
löten	v	handwerken	GermaNet_hypernym
löten	v	verlöten	GermaNet_synonym
mahlen	v	materielle Zustandsveränderung	GermaNet_hypernym
mahlen	v	schroten	GermaNet_hyponym
mahlen	v	vermahlen	GermaNet_hyponym
mahlen	v	zermahlen	GermaNet_hyponym
mehrfarbig	a	bunt	GermaNet_synonym
mehrfarbig	a	buntfarbig	GermaNet_synonym
mehrfarbig	a	farbenfroh	GermaNet_hyponym
mehrfarbig	a	farbenreich	GermaNet_synonym
mehrfarbig	a	farbig	GermaNet_hypernym
mehrfarbig	a	gemustert	GermaNet_hyponym
mehrfarbig	a	grellbunt	GermaNet_hyponym
mehrfarbig	a	kunterbunt	GermaNet_hyponym
mehrfarbig	a	polychrom	GermaNet_hyponym
mehrfarbig	a	poppig	GermaNet_hyponym
mehrfarbig	a	regenbogenfarben	GermaNet_hyponym
mehrfarbig	a	schwarz-rot-golden	GermaNet_hyponym
mehrfarbig	a	schwarz-weiß-rot	GermaNet_hyponym
mehrfarbig	a	schwarzrotgolden	GermaNet_hyponym
mehrfarbig	a	verschiedenfarbig	GermaNet_synonym
mehrfarbig	a	vielfarbig	GermaNet_synonym
mitgehen	v	begleiten	GermaNet_hypernym
mitgehen	v	mitfahren	GermaNet_hyponym
mitgehen	v	mitkommen	GermaNet_synonym
mitgehen	v	mitlaufen	GermaNet_synonym
mitgehen	v	mitmachen	GermaNet_hypernym
mitgehen	v	reagieren	GermaNet_hypernym
multilingual	a	polyglott	GermaNet_hypernym
multilingual	a	vielsprachig	GermaNet_synonym
mutwillig	a	wissentlich	GermaNet_hypernym
nett	a	freundlich	GermaNet_hypernym
offenbaren	v	entdecken	GermaNet_hyponym
offenbaren	v	enthüllen	GermaNet_synonym
offenbaren	v	gestehen	GermaNet_hypernym
offenbaren	v	zeigen	GermaNet_hypernym
optimieren	v	perfektionieren	GermaNet_synonym
optimieren	v	verbessern	GermaNet_hypernym
optimieren	v	vervollkommnen	GermaNet_synonym
panikartig	a	geschockt	GermaNet_hypernym
panikartig	a	panisch	GermaNet_synonym
panikartig	a	ängstlich	GermaNet_hypernym
parteilos	a	parteifrei	GermaNet_synonym
parteilos	a	parteizugehörig	GermaNet_antonym
parteilos	a	privativspezifisch	GermaNet_hypernym
phlegmatisch	a	faul	GermaNet_synonym
phlegmatisch	a	körpergefühlsspezifisch	GermaNet_hypernym
phlegmatisch	a	lebhaft	GermaNet_antonym
phlegmatisch	a	lethargisch	GermaNet_hyponym
pluralistisch	a	gesellschaftlich	GermaNet_hypernym
pluralistisch	a	plural	GermaNet_synonym
pluralistisch	a	vielfältig	GermaNet_synonym
postulieren	v	fordern	GermaNet_synonym
postulieren	v	supponieren	GermaNet_hypernym
postulieren	v	verlangen	GermaNet_hypernym
preisgegeben	a	ausgeliefert	GermaNet_synonym
preisgegeben	a	passiv	GermaNet_hypernym
provisorisch	a	Provisorium	GermaNet_related
provisorisch	a	behelfsmäßig	GermaNet_synonym
provisorisch	a	interimistisch	GermaNet_synonym
provisorisch	a	vorläufig	GermaNet_hypernym
rasant	a	blitzartig	GermaNet_synonym
rasant	a	blitzschnell	GermaNet_synonym
rasant	a	explosionsartig	GermaNet_synonym
rasant	a	ruckartig	GermaNet_hyponym
rasant	a	schnell	GermaNet_hypernym
rasant	a	sekundenschnell	GermaNet_synonym
religiös	a	animistisch	GermaNet_hyponym
religiös	a	buddhistisch	GermaNet_hyponym
religiös	a	christlich	GermaNet_hyponym
religiös	a	freireligiös	GermaNet_hyponym
religiös	a	gläubig	GermaNet_hypernym
religiös	a	hinduistisch	GermaNet_hyponym
religiös	a	jüdisch	GermaNet_hyponym
religiös	a	katholisch-apostolisch	GermaNet_hyponym
religiös	a	klerikal	GermaNet_hyponym
religiös	a	manichäisch	GermaNet_hyponym
religiös	a	mohammedanisch	GermaNet_hyponym
religiös	a	presbyterianisch	GermaNet_hyponym
religiös	a	tantrisch	GermaNet_hyponym
religiös	a	tiefreligiös	GermaNet_hyponym
religiös	a	zoroastrisch	GermaNet_hyponym
schauspielerisch	a	darstellerisch	GermaNet_synonym
schauspielerisch	a	komödiantisch	GermaNet_hyponym
schauspielerisch	a	künstlerisch	GermaNet_hypernym
schmettern	v	schmeißen	GermaNet_hypernym
schmettern	v	singen	GermaNet_hypernym
schmettern	v	zerschmettern	GermaNet_hyponym
selbstgemacht	a	hausgemacht	GermaNet_synonym
selbstgemacht	a	produktspezifisch	GermaNet_hypernym
selbstgemacht	a	selbst gedreht	GermaNet_hyponym
selbstgemacht	a	selbstgebacken	GermaNet_hyponym
selbstgemacht	a	selbstgebastelt	GermaNet_hyponym
selbstgemacht	a	selbstgebaut	GermaNet_synonym
selbstgemacht	a	selbstgedreht	GermaNet_hyponym
selbstgemacht	a	selbstgekocht	GermaNet_hyponym
selbstgemacht	a	selbstgenäht	GermaNet_hyponym
selbstgemacht	a	selbstgestrickt	GermaNet_hyponym
skizzieren	v	ausarbeiten	GermaNet_hypernym
skizzieren	v	höhen	GermaNet_hyponym
skizzieren	v	konturieren	GermaNet_hyponym
skizzieren	v	zeichnen	GermaNet_hypernym
spezifisch	a	artspezifisch	GermaNet_hyponym
spezifisch	a	branchenspezifisch	GermaNet_hyponym
spezifisch	a	fachspezifisch	GermaNet_hyponym
spezifisch	a	frauenspezifisch	GermaNet_hyponym
spezifisch	a	geschlechtsspezifisch	GermaNet_hyponym
spezifisch	a	gruppenspezifisch	GermaNet_hyponym
spezifisch	a	herstellerspezifisch	GermaNet_hyponym
spezifisch	a	hochspezifisch	GermaNet_hyponym
spezifisch	a	medienspezifisch	GermaNet_hyponym
spezifisch	a	männerspezifisch	GermaNet_hyponym
spezifisch	a	rollenspezifisch	GermaNet_hyponym
spezifisch	a	schichtspezifisch	GermaNet_hyponym
spezifisch	a	situationsspezifisch	GermaNet_hyponym
spezifisch	a	speziell	GermaNet_hypernym
spezifisch	a	systemspezifisch	GermaNet_hyponym
spezifisch	a	unspezifisch	GermaNet_antonym
spezifisch	a	unternehmensspezifisch	GermaNet_hyponym
spezifisch	a	zielgruppenspezifisch	GermaNet_hyponym
strukturiert	a	apollinisch	GermaNet_hyponym
strukturiert	a	geordnet	GermaNet_hypernym
strukturiert	a	kleinstrukturiert	GermaNet_hyponym
strukturiert	a	wechselständig	GermaNet_hyponym
stumpf	a	blank	GermaNet_antonym
stumpf	a	formspezifisch	GermaNet_hypernym
stumpf	a	matt	GermaNet_hypernym
stumpf	a	scharf	GermaNet_antonym
synchronisieren	v	ausstatten	GermaNet_hypernym
synchronisieren	v	ordnen	GermaNet_hypernym
synchronisieren	v	vertonen	GermaNet_synonym
thronen	v	dasitzen	GermaNet_hypernym
turbulent	a	ungestüm	GermaNet_hypernym
turbulent	a	unruhig	GermaNet_synonym
unbehindert	a	frei	GermaNet_hypernym
unbehindert	a	ungehindert	GermaNet_synonym
unbehindert	a	visumfrei	GermaNet_hyponym
unbesetzt	a	besetzt	GermaNet_antonym
unbesetzt	a	frei	GermaNet_synonym
unbesetzt	a	leer	GermaNet_hypernym
unbesetzt	a	unbelegt	GermaNet_synonym
ungesetzlich	a	gesetzeswidrig	GermaNet_synonym
ungesetzlich	a	gesetzlich	GermaNet_antonym
ungesetzlich	a	illegal	GermaNet_synonym
ungesetzlich	a	unzulässig	GermaNet_hypernym
unkalkulierbar	a	charakterspezifisch	GermaNet_hypernym
unkalkulierbar	a	gemeingefährlich	GermaNet_hyponym
unkalkulierbar	a	kalkulierbar	GermaNet_antonym
unkalkulierbar	a	kompliziert	GermaNet_synonym
unkalkulierbar	a	schwer erziehbar	GermaNet_hyponym
unkalkulierbar	a	schwererziehbar	GermaNet_hyponym
unkalkulierbar	a	schwierig	GermaNet_synonym
unkalkulierbar	a	unberechenbar	GermaNet_synonym
unklar	a	diffus	GermaNet_hyponym
unklar	a	klar	GermaNet_antonym
unklar	a	missverständlich	GermaNet_hyponym
unklar	a	mißverständlich	GermaNet_hyponym
unklar	a	schwammig	GermaNet_hyponym
unklar	a	ungenau	GermaNet_hypernym
unmäßig	a	horrend	GermaNet_hyponym
unmäßig	a	maßlos	GermaNet_synonym
unmäßig	a	privativspezifisch	GermaNet_hypernym
unmäßig	a	protzig	GermaNet_hyponym
unmäßig	a	stark	GermaNet_hypernym
unmäßig	a	unbändig	GermaNet_hyponym
unmäßig	a	übermäßig	GermaNet_synonym
unmäßig	a	überschwenglich	GermaNet_hyponym
unmäßig	a	überschwänglich	GermaNet_hyponym
unmäßig	a	übertrieben	GermaNet_synonym
unvermittelt	a	pur	GermaNet_hyponym
unvermittelt	a	unmittelbar	GermaNet_hypernym
ursprünglich	a	altertümlich	GermaNet_hyponym
ursprünglich	a	genuin	GermaNet_hyponym
ursprünglich	a	herkunftsspezifisch	GermaNet_hypernym
ursprünglich	a	original	GermaNet_hyponym
verblenden	v	behandeln	GermaNet_hypernym
verblenden	v	bekleiden	GermaNet_synonym
verblenden	v	blenden	GermaNet_hypernym
verblenden	v	decken	GermaNet_hyponym
verblenden	v	verkleiden	GermaNet_synonym
verblenden	v	verklinkern	GermaNet_hyponym
verdecken	v	Endkontakt	GermaNet_hypernym
verdecken	v	abschirmen	GermaNet_hyponym
verdecken	v	anonymisieren	GermaNet_hyponym
verdecken	v	camouflieren	GermaNet_hyponym
verdecken	v	tarnen	GermaNet_hyponym
verdecken	v	verhängen	GermaNet_hyponym
verdecken	v	verhüllen	GermaNet_hyponym
verdecken	v	verschleiern	GermaNet_hyponym
verdecken	v	zuhängen	GermaNet_hyponym
vergesslich	a	unkonzentriert	GermaNet_hypernym
verletzend	a	gefühlskalt	GermaNet_hypernym
verletzend	a	unsensibel	GermaNet_synonym
verlängern	v	ansetzen	GermaNet_hyponym
verlängern	v	ausdehnen	GermaNet_hyponym
verlängern	v	auslassen	GermaNet_hyponym
verlängern	v	längen	GermaNet_synonym
verlängern	v	mengen	GermaNet_hypernym
verlängern	v	prolongieren	GermaNet_hyponym
verlängern	v	strecken	GermaNet_hyponym
verlängern	v	strecken	GermaNet_synonym
verlängern	v	stunden	GermaNet_hyponym
verlängern	v	vergrößern	GermaNet_hypernym
verlängern	v	verkürzen	GermaNet_antonym
verlängern	v	verschneiden	GermaNet_hyponym
verlängern	v	ziehen	GermaNet_hyponym
vertauschen	v	durcheinanderbringen	GermaNet_hyponym
vertauschen	v	vertun	GermaNet_hypernym
vertauschen	v	verwechseln	GermaNet_synonym
verzaubern	v	betören	GermaNet_synonym
verzaubern	v	bezaubern	GermaNet_synonym
verzaubern	v	einwickeln	GermaNet_hyponym
verzaubern	v	entzaubern	GermaNet_antonym
verzaubern	v	gefangen nehmen	GermaNet_hypernym
verzaubern	v	verwandeln	GermaNet_hypernym
verzaubern	v	verwünschen	GermaNet_synonym
wackelig	a	desolat	GermaNet_hypernym
wackelig	a	wacklig	GermaNet_synonym
wegschaffen	v	entfernen	GermaNet_hypernym
wegschaffen	v	fortbewegen	GermaNet_hypernym
wegschaffen	v	fortschaffen	GermaNet_synonym
wegschaffen	v	wegbringen	GermaNet_synonym
wegschaffen	v	wegkommen	GermaNet_hyponym
zusammenkommen	v	auflaufen	GermaNet_hyponym
zusammenkommen	v	interagieren	GermaNet_hypernym
zusammenkommen	v	laufen	GermaNet_hypernym
zusammenkommen	v	zusammenlaufen	GermaNet_synonym
zusammenkommen	v	zusammenrotten	GermaNet_hyponym
zusammenkommen	v	zusammentreffen	GermaNet_synonym
Übereinstimmung	n	Abweichung	GermaNet_antonym
Übereinstimmung	n	Analogie	GermaNet_synonym
Übereinstimmung	n	Auskommen	GermaNet_hyponym
Übereinstimmung	n	Dieselbigkeit	GermaNet_synonym
Übereinstimmung	n	Einigkeit	GermaNet_synonym
Übereinstimmung	n	Einklang	GermaNet_synonym
Übereinstimmung	n	Einmütigkeit	GermaNet_synonym
Übereinstimmung	n	Eintracht	GermaNet_synonym
Übereinstimmung	n	Entsprechung	GermaNet_synonym
Übereinstimmung	n	Gleichartigkeit	GermaNet_hypernym
Übereinstimmung	n	Harmonie	GermaNet_synonym
Übereinstimmung	n	Homologie	GermaNet_hyponym
Übereinstimmung	n	Identität	GermaNet_synonym
Übereinstimmung	n	Idyll	GermaNet_related
Übereinstimmung	n	Konvergenz	GermaNet_hyponym
Übereinstimmung	n	Korrespondenz	GermaNet_hyponym
Übereinstimmung	n	Parallelismus	GermaNet_hyponym
Übereinstimmung	n	Pax	GermaNet_hyponym
Übereinstimmung	n	Versöhnung	GermaNet_hyponym
Übereinstimmung	n	qualitative Beziehung	GermaNet_hypernym