Abbuchung	n	Abhebung	OntoWiktionaryDE_synonym-AUTO
Abbuchung	n	Bankwesen	OntoWiktionaryDE_hypernym
Abbuchung	n	Gutschrift	OntoWiktionaryDE_antonym
Abbuchung	n	Lastschrift	OntoWiktionaryDE_synonym
Antrag	n	Abänderungsantrag	OntoWiktionaryDE_hyponym
Antrag	n	Anfrage	OntoWiktionaryDE_synonym
Antrag	n	Angebot	OntoWiktionaryDE_synonym-AUTO
Antrag	n	Ansinnen	OntoWiktionaryDE_synonym-AUTO
Antrag	n	Eingabe	OntoWiktionaryDE_synonym
Antrag	n	Entschließungsantrag	OntoWiktionaryDE_hyponym
Antrag	n	Gesuch	OntoWiktionaryDE_synonym
Antrag	n	Heiratsantrag	OntoWiktionaryDE_hyponym
Antrag	n	Heiratsantrag	OntoWiktionaryDE_synonym
Antrag	n	Heiratsantrag	OntoWiktionaryDE_synonym-AUTO
Antrag	n	Insolvenzantrag	OntoWiktionaryDE_hyponym
Antrag	n	Klage	OntoWiktionaryDE_hyponym-AUTO
Antrag	n	Mutung	OntoWiktionaryDE_hyponym-AUTO
Antrag	n	Nachsendeantrag	OntoWiktionaryDE_hyponym-AUTO
Antrag	n	Papier	OntoWiktionaryDE_synonym-AUTO
Antrag	n	Petition	OntoWiktionaryDE_hyponym-AUTO
Aristokratie	n	Adel	OntoWiktionaryDE_synonym-AUTO
Aristokratie	n	Adelsstand	OntoWiktionaryDE_synonym
Aristokratie	n	Adelsstand	OntoWiktionaryDE_synonym-AUTO
Aristokratie	n	Demokratie	OntoWiktionaryDE_antonym-AUTO
Aristokratie	n	Herrschaftsform	OntoWiktionaryDE_hypernym-AUTO
Aristokratie	n	Oligarchie	OntoWiktionaryDE_antonym-AUTO
Aristokratie	n	Staatsform	OntoWiktionaryDE_hypernym
Athlet	n	Akrobat	OntoWiktionaryDE_antonym-AUTO
Athlet	n	Sportler	OntoWiktionaryDE_synonym-AUTO
Athlet	n	Springer	OntoWiktionaryDE_synonym-AUTO
Athlet	n	Turner	OntoWiktionaryDE_hyponym-AUTO
Auftrieb	n	Alpauftrieb	OntoWiktionaryDE_hyponym
Auftrieb	n	Aufschwung	OntoWiktionaryDE_synonym-AUTO
Auftrieb	n	Auftriebskraft	OntoWiktionaryDE_synonym
Auftrieb	n	Kraft	OntoWiktionaryDE_hypernym
Auftrieb	n	Schwerkraft	OntoWiktionaryDE_antonym-AUTO
Ballade	n	Gedicht	OntoWiktionaryDE_hypernym
Ballade	n	Lyrik	OntoWiktionaryDE_hypernym
Ballade	n	Platz	OntoWiktionaryDE_synonym-AUTO
Ballade	n	U-Musik	OntoWiktionaryDE_hypernym
Bandit	n	Lump	OntoWiktionaryDE_synonym-AUTO
Bandit	n	Räuber	OntoWiktionaryDE_synonym-AUTO
Bandit	n	Verbrecher	OntoWiktionaryDE_hypernym
Belagerung	n	Besetzung	OntoWiktionaryDE_synonym
Belagerung	n	Blitzkrieg	OntoWiktionaryDE_antonym-AUTO
Bewässerung	n	Entwässerung	OntoWiktionaryDE_antonym
Bewässerung	n	Irrigation	OntoWiktionaryDE_synonym-AUTO
Bunker	n	Abschlag	OntoWiktionaryDE_antonym-AUTO
Bunker	n	Atombunker	OntoWiktionaryDE_hyponym
Bunker	n	Bau	OntoWiktionaryDE_synonym
Bunker	n	Bauwerk	OntoWiktionaryDE_hypernym
Bunker	n	Gefängnis	OntoWiktionaryDE_synonym
Bunker	n	Golf	OntoWiktionaryDE_hypernym
Bunker	n	Grünbunker	OntoWiktionaryDE_hyponym
Bunker	n	Hangar	OntoWiktionaryDE_antonym-AUTO
Bunker	n	Hindernis	OntoWiktionaryDE_hypernym
Bunker	n	Knast	OntoWiktionaryDE_synonym
Bunker	n	Lager	OntoWiktionaryDE_synonym
Bunker	n	Matte	OntoWiktionaryDE_synonym-AUTO
Bunker	n	Pulverfass	OntoWiktionaryDE_synonym-AUTO
Bunker	n	Sandbunker	OntoWiktionaryDE_hyponym
Bunker	n	Sandbunker	OntoWiktionaryDE_synonym-AUTO
Bunker	n	Schützengraben	OntoWiktionaryDE_antonym-AUTO
Bunker	n	Splitterbunker	OntoWiktionaryDE_hyponym
Chronologie	n	Abfolge	OntoWiktionaryDE_synonym
Chronologie	n	Dendrochronologie	OntoWiktionaryDE_hyponym
Chronologie	n	Glottochronologie	OntoWiktionaryDE_hyponym
Chronologie	n	Moorforschung	OntoWiktionaryDE_hyponym-AUTO
Chronologie	n	Wissenschaft	OntoWiktionaryDE_hypernym
Chronologie	n	Zeit	OntoWiktionaryDE_hypernym
Defekt	n	Ausrutscher	OntoWiktionaryDE_synonym-AUTO
Defekt	n	Dysfunktion	OntoWiktionaryDE_synonym-AUTO
Defekt	n	Fauxpas	OntoWiktionaryDE_synonym-AUTO
Defekt	n	Fehler	OntoWiktionaryDE_synonym
Defekt	n	Fehler	OntoWiktionaryDE_synonym-AUTO
Defekt	n	Gebrechen	OntoWiktionaryDE_synonym-AUTO
Defekt	n	Minus	OntoWiktionaryDE_synonym-AUTO
Defekt	n	Panne	OntoWiktionaryDE_synonym-AUTO
Defekt	n	Patzer	OntoWiktionaryDE_synonym-AUTO
Defekt	n	Schaden	OntoWiktionaryDE_synonym
Defekt	n	Schnitzer	OntoWiktionaryDE_synonym-AUTO
Diktatur	n	Anarchie	OntoWiktionaryDE_antonym-AUTO
Diktatur	n	Autokratie	OntoWiktionaryDE_hypernym-AUTO
Diktatur	n	Demokratie	OntoWiktionaryDE_antonym
Diktatur	n	Demokratie	OntoWiktionaryDE_antonym-AUTO
Diktatur	n	Demokratur	OntoWiktionaryDE_antonym-AUTO
Diktatur	n	Herrschaftsform	OntoWiktionaryDE_hypernym-AUTO
Diktatur	n	Putsch	OntoWiktionaryDE_hyponym-AUTO
Diktatur	n	Regierungsform	OntoWiktionaryDE_hypernym-AUTO
Diktatur	n	Staatsform	OntoWiktionaryDE_hypernym-AUTO
Diktatur	n	Tyrannei	OntoWiktionaryDE_synonym-AUTO
Distrikt	n	Abschnitt	OntoWiktionaryDE_synonym-AUTO
Distrikt	n	Abteil	OntoWiktionaryDE_synonym-AUTO
Distrikt	n	Abteilung	OntoWiktionaryDE_synonym-AUTO
Distrikt	n	Bereich	OntoWiktionaryDE_synonym-AUTO
Distrikt	n	Bezirk	OntoWiktionaryDE_synonym-AUTO
Distrikt	n	Fläche	OntoWiktionaryDE_synonym-AUTO
Distrikt	n	Gebiet	OntoWiktionaryDE_synonym-AUTO
Distrikt	n	Gegend	OntoWiktionaryDE_synonym-AUTO
Distrikt	n	La Palma	OntoWiktionaryDE_hyponym-AUTO
Distrikt	n	Landschaft	OntoWiktionaryDE_synonym-AUTO
Distrikt	n	Oberfläche	OntoWiktionaryDE_synonym-AUTO
Distrikt	n	Stück	OntoWiktionaryDE_synonym-AUTO
Distrikt	n	Teil	OntoWiktionaryDE_synonym-AUTO
Distrikt	n	Teilgebiet	OntoWiktionaryDE_synonym-AUTO
Entdecker	n	Wissenschaftler	OntoWiktionaryDE_synonym-AUTO
Epos	n	Dichtung	OntoWiktionaryDE_hypernym
Epos	n	Drama	OntoWiktionaryDE_antonym
Epos	n	Erzählung	OntoWiktionaryDE_hypernym
Epos	n	Gedicht	OntoWiktionaryDE_antonym
Epos	n	Gedicht	OntoWiktionaryDE_hypernym-AUTO
Epos	n	Tierepos	OntoWiktionaryDE_hyponym
Epos	n	Versepos	OntoWiktionaryDE_hyponym
Erleichterung	n	Bedenkzeit	OntoWiktionaryDE_synonym-AUTO
Erleichterung	n	Behaglichkeit	OntoWiktionaryDE_synonym-AUTO
Erleichterung	n	Bequemlichkeit	OntoWiktionaryDE_synonym-AUTO
Erleichterung	n	Beschwernis	OntoWiktionaryDE_antonym-AUTO
Erleichterung	n	Bestürzung	OntoWiktionaryDE_antonym-AUTO
Erleichterung	n	Entlastung	OntoWiktionaryDE_synonym-AUTO
Erleichterung	n	Erlösung	OntoWiktionaryDE_synonym-AUTO
Erleichterung	n	Frist	OntoWiktionaryDE_synonym-AUTO
Erleichterung	n	Linderung	OntoWiktionaryDE_synonym-AUTO
Erleichterung	n	Ruhepause	OntoWiktionaryDE_synonym-AUTO
Farm	n	Bauernhof	OntoWiktionaryDE_synonym
Farm	n	Wildheit	OntoWiktionaryDE_antonym-AUTO
Garnison	n	Ort	OntoWiktionaryDE_hypernym
Korrektur	n	Berichtigung	OntoWiktionaryDE_synonym
Korrektur	n	Berichtigung	OntoWiktionaryDE_synonym-AUTO
Korrektur	n	Bewertung	OntoWiktionaryDE_synonym
Korrektur	n	Reform	OntoWiktionaryDE_synonym-AUTO
Korrektur	n	Verbesserung	OntoWiktionaryDE_synonym
Korrektur	n	Veränderung	OntoWiktionaryDE_synonym
Korrektur	n	redigieren	OntoWiktionaryDE_related-AUTO
Korrektur	n	schwärzen	OntoWiktionaryDE_hyponym-AUTO
Korrektur	n	Änderung	OntoWiktionaryDE_synonym
Krieg	n	Achtzigjähriger Krieg	OntoWiktionaryDE_hyponym
Krieg	n	Atomkrieg	OntoWiktionaryDE_hyponym
Krieg	n	Auseinandersetzung	OntoWiktionaryDE_hypernym
Krieg	n	Bandenkrieg	OntoWiktionaryDE_hyponym
Krieg	n	Blitzkrieg	OntoWiktionaryDE_hyponym
Krieg	n	Burenkrieg	OntoWiktionaryDE_hyponym-AUTO
Krieg	n	Bürgerkrieg	OntoWiktionaryDE_hyponym
Krieg	n	Dreißigjähriger Krieg	OntoWiktionaryDE_hyponym
Krieg	n	Drogenkrieg	OntoWiktionaryDE_hyponym
Krieg	n	Erster Weltkrieg	OntoWiktionaryDE_hyponym-AUTO
Krieg	n	Falklandkrieg	OntoWiktionaryDE_hyponym
Krieg	n	Feldzug	OntoWiktionaryDE_hyponym-AUTO
Krieg	n	Frieden	OntoWiktionaryDE_antonym
Krieg	n	Friedensprozess	OntoWiktionaryDE_antonym-AUTO
Krieg	n	Golfkrieg	OntoWiktionaryDE_hyponym-AUTO
Krieg	n	Guerilla	OntoWiktionaryDE_hyponym-AUTO
Krieg	n	Handelskrieg	OntoWiktionaryDE_hyponym
Krieg	n	Hundertjähriger Krieg	OntoWiktionaryDE_hyponym
Krieg	n	Kabinettskrieg	OntoWiktionaryDE_hyponym
Krieg	n	Kalter Krieg	OntoWiktionaryDE_hyponym-AUTO
Krieg	n	Kampf	OntoWiktionaryDE_synonym-AUTO
Krieg	n	Kleinkrieg	OntoWiktionaryDE_hyponym
Krieg	n	Konflikt	OntoWiktionaryDE_hypernym
Krieg	n	Koreakrieg	OntoWiktionaryDE_hyponym-AUTO
Krieg	n	Kriegsverbrechen	OntoWiktionaryDE_hyponym-AUTO
Krieg	n	Landkrieg	OntoWiktionaryDE_hyponym
Krieg	n	Luftkrieg	OntoWiktionaryDE_hyponym
Krieg	n	Opiumkrieg	OntoWiktionaryDE_hyponym
Krieg	n	Partisanenkrieg	OntoWiktionaryDE_hyponym
Krieg	n	Pax	OntoWiktionaryDE_antonym-AUTO
Krieg	n	Präventivkrieg	OntoWiktionaryDE_hyponym
Krieg	n	Retorsion	OntoWiktionaryDE_antonym-AUTO
Krieg	n	Ruhe	OntoWiktionaryDE_antonym-AUTO
Krieg	n	Schlacht	OntoWiktionaryDE_hyponym-AUTO
Krieg	n	Siebenjähriger Krieg	OntoWiktionaryDE_hyponym
Krieg	n	Vietnamkrieg	OntoWiktionaryDE_hyponym-AUTO
Krieg	n	Volkskrieg	OntoWiktionaryDE_hyponym
Krieg	n	Weltkrieg	OntoWiktionaryDE_hyponym
Krieg	n	Zweifrontenkrieg	OntoWiktionaryDE_hyponym
Krieg	n	Zweiter Weltkrieg	OntoWiktionaryDE_hyponym-AUTO
Krieg	n	schießen	OntoWiktionaryDE_hyponym-AUTO
Krieg	n	verwunden	OntoWiktionaryDE_hyponym-AUTO
Kürzel	n	Abkürzung	OntoWiktionaryDE_hypernym
Kürzel	n	Buchstabe	OntoWiktionaryDE_antonym-AUTO
Kürzel	n	Langschrift	OntoWiktionaryDE_antonym
Kürzel	n	Sigel	OntoWiktionaryDE_hyponym
Kürzel	n	Sigel	OntoWiktionaryDE_synonym-AUTO
Kürzel	n	Sigle	OntoWiktionaryDE_synonym-AUTO
Kürzel	n	Signatur	OntoWiktionaryDE_hyponym
Lieferung	n	Auslieferung	OntoWiktionaryDE_synonym-AUTO
Lieferung	n	Versand	OntoWiktionaryDE_synonym-AUTO
Lieferung	n	Waffenlieferung	OntoWiktionaryDE_hyponym
Likör	n	Allasch	OntoWiktionaryDE_hyponym
Likör	n	Amaretto	OntoWiktionaryDE_hyponym
Likör	n	Anisette	OntoWiktionaryDE_hyponym
Likör	n	Bullenauge	OntoWiktionaryDE_hyponym-AUTO
Likör	n	Creme	OntoWiktionaryDE_synonym
Likör	n	Curaçao	OntoWiktionaryDE_hyponym
Likör	n	Eierlikör	OntoWiktionaryDE_hyponym
Likör	n	Getränk	OntoWiktionaryDE_hypernym
Likör	n	Ingwer	OntoWiktionaryDE_hyponym
Likör	n	Limoncello	OntoWiktionaryDE_hyponym
Likör	n	Magenbitter	OntoWiktionaryDE_hyponym-AUTO
Likör	n	Ratafia	OntoWiktionaryDE_hyponym
Likör	n	Ratafia	OntoWiktionaryDE_related-AUTO
Likör	n	Spirituose	OntoWiktionaryDE_hypernym
Likör	n	Tröpfchen	OntoWiktionaryDE_synonym-AUTO
Meisterin	n	Bürgermeisterin	OntoWiktionaryDE_hyponym
Meisterin	n	Experte	OntoWiktionaryDE_synonym-AUTO
Meisterin	n	Facharbeiterin	OntoWiktionaryDE_antonym
Meisterin	n	Geliebte	OntoWiktionaryDE_synonym-AUTO
Meisterin	n	Geliebter	OntoWiktionaryDE_synonym-AUTO
Meisterin	n	Herr	OntoWiktionaryDE_antonym-AUTO
Meisterin	n	Kenner	OntoWiktionaryDE_synonym-AUTO
Meisterin	n	Kopf	OntoWiktionaryDE_synonym-AUTO
Meisterin	n	Koryphäe	OntoWiktionaryDE_synonym-AUTO
Meisterin	n	Köpfchen	OntoWiktionaryDE_synonym-AUTO
Meisterin	n	Körbchen	OntoWiktionaryDE_synonym-AUTO
Meisterin	n	Leader	OntoWiktionaryDE_synonym-AUTO
Meisterin	n	Lehrerin	OntoWiktionaryDE_hypernym
Meisterin	n	Liebhaber	OntoWiktionaryDE_synonym-AUTO
Meisterin	n	Meister	OntoWiktionaryDE_antonym
Meisterin	n	Mätresse	OntoWiktionaryDE_synonym-AUTO
Meisterin	n	Poussage	OntoWiktionaryDE_synonym-AUTO
Meisterin	n	Sachverständiger	OntoWiktionaryDE_synonym-AUTO
Meisterin	n	Spezialist	OntoWiktionaryDE_synonym-AUTO
Meisterin	n	Weltmeisterin	OntoWiktionaryDE_hyponym
Meisterin	n	Zubrot	OntoWiktionaryDE_synonym-AUTO
Metallurgie	n	Hochofen	OntoWiktionaryDE_hyponym-AUTO
Metallurgie	n	Hüttenwesen	OntoWiktionaryDE_synonym
Metallurgie	n	Topografie	OntoWiktionaryDE_hyponym-AUTO
Millionär	n	Internetmillionär	OntoWiktionaryDE_hyponym
Millionär	n	Multimillionär	OntoWiktionaryDE_hyponym
Monarch	n	Alleinherrscher	OntoWiktionaryDE_synonym
Monarch	n	Emir	OntoWiktionaryDE_hyponym
Monarch	n	Fürst	OntoWiktionaryDE_hyponym
Monarch	n	Großherzog	OntoWiktionaryDE_hyponym
Monarch	n	Herrscher	OntoWiktionaryDE_synonym-AUTO
Monarch	n	Kaiser	OntoWiktionaryDE_hyponym
Monarch	n	König	OntoWiktionaryDE_hyponym
Monarch	n	König	OntoWiktionaryDE_synonym-AUTO
Monarch	n	Königin	OntoWiktionaryDE_synonym-AUTO
Monarch	n	Machthaber	OntoWiktionaryDE_hypernym-AUTO
Monarch	n	Monarchfalter	OntoWiktionaryDE_synonym-AUTO
Monarch	n	Oberhaupt	OntoWiktionaryDE_hypernym-AUTO
Monarch	n	Potentat	OntoWiktionaryDE_synonym-AUTO
Monarch	n	Potentatin	OntoWiktionaryDE_synonym-AUTO
Monarch	n	Scheich	OntoWiktionaryDE_hyponym
Monarch	n	Souverän	OntoWiktionaryDE_synonym-AUTO
Monarch	n	Staatsoberhaupt	OntoWiktionaryDE_hypernym
Monarch	n	Sultan	OntoWiktionaryDE_hyponym
Plünderung	n	Diebstahl	OntoWiktionaryDE_synonym
Plünderung	n	Eigentumsdelikt	OntoWiktionaryDE_hypernym
Plünderung	n	Raub	OntoWiktionaryDE_synonym
Problem	n	Beziehungskrise	OntoWiktionaryDE_hyponym-AUTO
Problem	n	Damenproblem	OntoWiktionaryDE_hyponym
Problem	n	Dilemma	OntoWiktionaryDE_synonym
Problem	n	Gegenstand	OntoWiktionaryDE_synonym-AUTO
Problem	n	Kernproblem	OntoWiktionaryDE_hyponym-AUTO
Problem	n	Klärung	OntoWiktionaryDE_antonym-AUTO
Problem	n	Kreuz	OntoWiktionaryDE_synonym-AUTO
Problem	n	Sachverhalt	OntoWiktionaryDE_hypernym
Problem	n	Schwierigkeit	OntoWiktionaryDE_synonym
Problem	n	Sprachproblem	OntoWiktionaryDE_hyponym-AUTO
Problem	n	Unfug	OntoWiktionaryDE_synonym-AUTO
Problem	n	Unheil	OntoWiktionaryDE_synonym-AUTO
Rendite	n	Ertrag	OntoWiktionaryDE_synonym
Rendite	n	Frucht	OntoWiktionaryDE_synonym-AUTO
Rendite	n	Getreide	OntoWiktionaryDE_synonym-AUTO
Rendite	n	Kupierung	OntoWiktionaryDE_synonym-AUTO
Rendite	n	Umlaufrendite	OntoWiktionaryDE_hyponym
Rendite	n	Verzinsung	OntoWiktionaryDE_synonym
Rezeption	n	Anmeldung	OntoWiktionaryDE_synonym-AUTO
Rezeption	n	Aufnahme	OntoWiktionaryDE_synonym
Rezeption	n	Empfang	OntoWiktionaryDE_synonym
Rezeption	n	Empfang	OntoWiktionaryDE_synonym-AUTO
Rezeption	n	Gesellschaft	OntoWiktionaryDE_synonym-AUTO
Rezeption	n	Wahrnehmung	OntoWiktionaryDE_synonym
Rezeption	n	Übernahme	OntoWiktionaryDE_synonym
Rivalität	n	Konfrontation	OntoWiktionaryDE_hypernym
Rivalität	n	Konkurrenz	OntoWiktionaryDE_hypernym
Rivalität	n	Wettbewerb	OntoWiktionaryDE_synonym-AUTO
Signal	n	Alarm	OntoWiktionaryDE_hyponym-AUTO
Signal	n	Ampel	OntoWiktionaryDE_antonym-AUTO
Signal	n	Fackel	OntoWiktionaryDE_hyponym-AUTO
Signal	n	Fanal	OntoWiktionaryDE_hyponym-AUTO
Signal	n	Fanfare	OntoWiktionaryDE_synonym-AUTO
Signal	n	Feuer	OntoWiktionaryDE_hyponym-AUTO
Signal	n	Grundfrequenz	OntoWiktionaryDE_hyponym-AUTO
Signal	n	Harmonische	OntoWiktionaryDE_hyponym-AUTO
Signal	n	Omen	OntoWiktionaryDE_synonym-AUTO
Signal	n	Schild	OntoWiktionaryDE_synonym
Signal	n	Seite	OntoWiktionaryDE_hyponym-AUTO
Signal	n	Symbol	OntoWiktionaryDE_antonym-AUTO
Signal	n	Symptom	OntoWiktionaryDE_antonym-AUTO
Signal	n	Zeichen	OntoWiktionaryDE_hypernym
Signal	n	Zeichen	OntoWiktionaryDE_synonym-AUTO
Streuung	n	Diffusion	OntoWiktionaryDE_synonym-AUTO
Streuung	n	Dispersion	OntoWiktionaryDE_synonym
Terroristin	n	Frau	OntoWiktionaryDE_hypernym
Varietät	n	Abart	OntoWiktionaryDE_synonym-AUTO
Varietät	n	Akrolekt	OntoWiktionaryDE_hyponym-AUTO
Varietät	n	Art	OntoWiktionaryDE_hypernym
Varietät	n	Art	OntoWiktionaryDE_synonym-AUTO
Varietät	n	Basilekt	OntoWiktionaryDE_hyponym-AUTO
Varietät	n	Berufssprache	OntoWiktionaryDE_hyponym
Varietät	n	Dialekt	OntoWiktionaryDE_hyponym
Varietät	n	Form	OntoWiktionaryDE_hyponym
Varietät	n	Funktiolekt	OntoWiktionaryDE_hyponym-AUTO
Varietät	n	Funktionalstil	OntoWiktionaryDE_hyponym
Varietät	n	Gruppensprache	OntoWiktionaryDE_hyponym-AUTO
Varietät	n	Historiolekt	OntoWiktionaryDE_hyponym-AUTO
Varietät	n	Ideolekt	OntoWiktionaryDE_hyponym-AUTO
Varietät	n	Idiolekt	OntoWiktionaryDE_hyponym-AUTO
Varietät	n	Jugendsprache	OntoWiktionaryDE_hyponym
Varietät	n	Lekt	OntoWiktionaryDE_synonym
Varietät	n	Letter	OntoWiktionaryDE_synonym-AUTO
Varietät	n	Mediolekt	OntoWiktionaryDE_hyponym-AUTO
Varietät	n	Mesolekt	OntoWiktionaryDE_hyponym-AUTO
Varietät	n	Nebenform	OntoWiktionaryDE_synonym-AUTO
Varietät	n	Regiolekt	OntoWiktionaryDE_hyponym-AUTO
Varietät	n	Sorte	OntoWiktionaryDE_synonym-AUTO
Varietät	n	Soziolekt	OntoWiktionaryDE_hyponym
Varietät	n	Spielart	OntoWiktionaryDE_synonym-AUTO
Varietät	n	Sprache	OntoWiktionaryDE_hypernym
Varietät	n	Sprachvarietät	OntoWiktionaryDE_synonym
Varietät	n	Subvarietät	OntoWiktionaryDE_hyponym
Varietät	n	Varietas	OntoWiktionaryDE_synonym-AUTO
Versuchung	n	Reiz	OntoWiktionaryDE_synonym
Zustellung	n	Versand	OntoWiktionaryDE_synonym-AUTO
ablöschen	v	abkühlen	OntoWiktionaryDE_synonym
ablöschen	v	abwaschen	OntoWiktionaryDE_synonym
ablöschen	v	deglacieren	OntoWiktionaryDE_synonym-AUTO
ablöschen	v	löschen	OntoWiktionaryDE_hypernym
ablöschen	v	löschen	OntoWiktionaryDE_synonym
ablöschen	v	säubern	OntoWiktionaryDE_synonym
ablöschen	v	trocknen	OntoWiktionaryDE_synonym
abmalen	v	abzeichnen	OntoWiktionaryDE_synonym-AUTO
abmalen	v	kopieren	OntoWiktionaryDE_hypernym
abmalen	v	malen	OntoWiktionaryDE_hypernym
abstürzen	v	abkacken	OntoWiktionaryDE_synonym-AUTO
abstürzen	v	fallen	OntoWiktionaryDE_synonym-AUTO
abstürzen	v	nachgeben	OntoWiktionaryDE_hypernym-AUTO
abstürzen	v	umfallen	OntoWiktionaryDE_synonym-AUTO
alkoholsüchtig	a	abhängig	OntoWiktionaryDE_hypernym
alkoholsüchtig	a	süchtig	OntoWiktionaryDE_hypernym
alkoholsüchtig	a	trunksüchtig	OntoWiktionaryDE_synonym
anklagen	v	argwöhnen	OntoWiktionaryDE_synonym-AUTO
anklagen	v	bezichtigen	OntoWiktionaryDE_synonym
anklagen	v	klagen	OntoWiktionaryDE_synonym
anklagen	v	schieben	OntoWiktionaryDE_synonym-AUTO
anklagen	v	stoßen	OntoWiktionaryDE_synonym-AUTO
anklagen	v	verdächtigen	OntoWiktionaryDE_synonym-AUTO
asexuell	a	bisexuell	OntoWiktionaryDE_antonym
asexuell	a	heterosexuell	OntoWiktionaryDE_antonym
asexuell	a	homosexuell	OntoWiktionaryDE_antonym
asexuell	a	promiskuitiv	OntoWiktionaryDE_antonym-AUTO
asexuell	a	schwanzgesteuert	OntoWiktionaryDE_antonym-AUTO
asexuell	a	sexuell	OntoWiktionaryDE_antonym
assoziieren	v	abalienieren	OntoWiktionaryDE_antonym-AUTO
assoziieren	v	denken	OntoWiktionaryDE_hypernym
assoziieren	v	liieren	OntoWiktionaryDE_synonym-AUTO
assoziieren	v	trennen	OntoWiktionaryDE_antonym
assoziieren	v	vereinigen	OntoWiktionaryDE_synonym-AUTO
assoziieren	v	verknüpfen	OntoWiktionaryDE_synonym-AUTO
aussagekräftig	a	ausdruckslos	OntoWiktionaryDE_antonym-AUTO
aussagekräftig	a	bedeutend	OntoWiktionaryDE_hypernym
aussagekräftig	a	bedeutungslos	OntoWiktionaryDE_antonym-AUTO
aussagekräftig	a	bedeutungsvoll	OntoWiktionaryDE_synonym-AUTO
aussagekräftig	a	belanglos	OntoWiktionaryDE_antonym-AUTO
aussagekräftig	a	beredt	OntoWiktionaryDE_synonym-AUTO
aussagekräftig	a	inhaltslos	OntoWiktionaryDE_antonym-AUTO
aussagekräftig	a	massiv	OntoWiktionaryDE_synonym-AUTO
aussagekräftig	a	sinnfrei	OntoWiktionaryDE_antonym-AUTO
aussagekräftig	a	sinnlos	OntoWiktionaryDE_antonym-AUTO
aussagekräftig	a	tief	OntoWiktionaryDE_synonym-AUTO
befördern	v	abtransportieren	OntoWiktionaryDE_hyponym-AUTO
befördern	v	ankündigen	OntoWiktionaryDE_synonym-AUTO
befördern	v	annoncieren	OntoWiktionaryDE_synonym-AUTO
befördern	v	avancieren	OntoWiktionaryDE_synonym
befördern	v	beabsichtigen	OntoWiktionaryDE_synonym-AUTO
befördern	v	bedeuten	OntoWiktionaryDE_synonym-AUTO
befördern	v	begünstigen	OntoWiktionaryDE_synonym-AUTO
befördern	v	bekommen	OntoWiktionaryDE_synonym-AUTO
befördern	v	bewegen	OntoWiktionaryDE_synonym-AUTO
befördern	v	booten	OntoWiktionaryDE_hyponym-AUTO
befördern	v	bringen	OntoWiktionaryDE_synonym-AUTO
befördern	v	bugsieren	OntoWiktionaryDE_synonym-AUTO
befördern	v	degradieren	OntoWiktionaryDE_antonym
befördern	v	degradieren	OntoWiktionaryDE_antonym-AUTO
befördern	v	fahren	OntoWiktionaryDE_synonym-AUTO
befördern	v	fuhrwerken	OntoWiktionaryDE_synonym-AUTO
befördern	v	heißen	OntoWiktionaryDE_synonym-AUTO
befördern	v	helfen	OntoWiktionaryDE_synonym-AUTO
befördern	v	herabsetzen	OntoWiktionaryDE_antonym
befördern	v	meinen	OntoWiktionaryDE_synonym-AUTO
befördern	v	mitbringen	OntoWiktionaryDE_synonym-AUTO
befördern	v	nehmen	OntoWiktionaryDE_antonym-AUTO
befördern	v	regen	OntoWiktionaryDE_synonym-AUTO
befördern	v	rücken	OntoWiktionaryDE_synonym-AUTO
befördern	v	steuern	OntoWiktionaryDE_antonym-AUTO
befördern	v	tragen	OntoWiktionaryDE_antonym-AUTO
befördern	v	tragen	OntoWiktionaryDE_synonym-AUTO
befördern	v	transportieren	OntoWiktionaryDE_synonym
befördern	v	transportieren	OntoWiktionaryDE_synonym-AUTO
befördern	v	umziehen	OntoWiktionaryDE_synonym-AUTO
befördern	v	verbringen	OntoWiktionaryDE_synonym-AUTO
befördern	v	verführen	OntoWiktionaryDE_synonym
befördern	v	wandern	OntoWiktionaryDE_synonym-AUTO
befördern	v	werben	OntoWiktionaryDE_synonym-AUTO
befördern	v	ziehen	OntoWiktionaryDE_synonym-AUTO
befördern	v	übersetzen	OntoWiktionaryDE_hyponym-AUTO
befördern	v	übersetzen	OntoWiktionaryDE_synonym-AUTO
befördern	v	übersiedeln	OntoWiktionaryDE_synonym-AUTO
brutal	a	behutsam	OntoWiktionaryDE_antonym
brutal	a	blande	OntoWiktionaryDE_antonym-AUTO
brutal	a	derb	OntoWiktionaryDE_synonym
brutal	a	dicht	OntoWiktionaryDE_synonym-AUTO
brutal	a	erbarmungslos	OntoWiktionaryDE_synonym
brutal	a	freundlich	OntoWiktionaryDE_antonym
brutal	a	friedfertig	OntoWiktionaryDE_antonym-AUTO
brutal	a	friedlich	OntoWiktionaryDE_antonym-AUTO
brutal	a	garstig	OntoWiktionaryDE_synonym-AUTO
brutal	a	gewaltsam	OntoWiktionaryDE_synonym
brutal	a	gewalttätig	OntoWiktionaryDE_synonym
brutal	a	grausam	OntoWiktionaryDE_synonym
brutal	a	grausam	OntoWiktionaryDE_synonym-AUTO
brutal	a	grob	OntoWiktionaryDE_synonym
brutal	a	hart	OntoWiktionaryDE_synonym-AUTO
brutal	a	knallhart	OntoWiktionaryDE_synonym-AUTO
brutal	a	kompliziert	OntoWiktionaryDE_synonym-AUTO
brutal	a	lau	OntoWiktionaryDE_antonym-AUTO
brutal	a	liebevoll	OntoWiktionaryDE_antonym-AUTO
brutal	a	lind	OntoWiktionaryDE_antonym-AUTO
brutal	a	mild	OntoWiktionaryDE_antonym-AUTO
brutal	a	milde	OntoWiktionaryDE_antonym-AUTO
brutal	a	rabiat	OntoWiktionaryDE_synonym-AUTO
brutal	a	roh	OntoWiktionaryDE_synonym
brutal	a	rücksichtslos	OntoWiktionaryDE_synonym
brutal	a	sanft	OntoWiktionaryDE_antonym
brutal	a	schofel	OntoWiktionaryDE_synonym-AUTO
brutal	a	schofelig	OntoWiktionaryDE_synonym-AUTO
brutal	a	schoflig	OntoWiktionaryDE_synonym-AUTO
brutal	a	schwer	OntoWiktionaryDE_synonym-AUTO
brutal	a	schwierig	OntoWiktionaryDE_synonym-AUTO
brutal	a	stark	OntoWiktionaryDE_synonym-AUTO
brutal	a	tierisch	OntoWiktionaryDE_synonym-AUTO
brutal	a	tätlich	OntoWiktionaryDE_hyponym-AUTO
brutal	a	unmenschlich	OntoWiktionaryDE_synonym
brutal	a	vorsichtig	OntoWiktionaryDE_antonym
brutal	a	wild	OntoWiktionaryDE_synonym
brutal	a	zärtlich	OntoWiktionaryDE_antonym-AUTO
brutal	a	zügellos	OntoWiktionaryDE_synonym
deckeln	v	ermorden	OntoWiktionaryDE_synonym-AUTO
deckeln	v	töten	OntoWiktionaryDE_synonym-AUTO
deckeln	v	umbringen	OntoWiktionaryDE_synonym-AUTO
diversifizieren	v	simplifizieren	OntoWiktionaryDE_antonym
diversifizieren	v	vereinfachen	OntoWiktionaryDE_antonym
drillen	v	angeln	OntoWiktionaryDE_hypernym
drillen	v	lehren	OntoWiktionaryDE_hypernym
drillen	v	schleifen	OntoWiktionaryDE_synonym-AUTO
duplizieren	v	kopieren	OntoWiktionaryDE_synonym
duplizieren	v	verdoppeln	OntoWiktionaryDE_synonym
dünnhäutig	a	empfindlich	OntoWiktionaryDE_synonym
dünnhäutig	a	empfindsam	OntoWiktionaryDE_synonym
dünnhäutig	a	sensibel	OntoWiktionaryDE_synonym
eindringen	v	angreifen	OntoWiktionaryDE_hypernym
eindringen	v	brechen	OntoWiktionaryDE_antonym-AUTO
eindringen	v	einbrechen	OntoWiktionaryDE_synonym
eindringen	v	einfallen	OntoWiktionaryDE_synonym
eindringen	v	einschlagen	OntoWiktionaryDE_synonym-AUTO
eindringen	v	eintreten	OntoWiktionaryDE_synonym
eindringen	v	ergießen	OntoWiktionaryDE_synonym-AUTO
eindringen	v	fluten	OntoWiktionaryDE_synonym-AUTO
eindringen	v	invadieren	OntoWiktionaryDE_related-AUTO
eindringen	v	penetrieren	OntoWiktionaryDE_synonym
eindringen	v	verletzen	OntoWiktionaryDE_related-AUTO
entlohnen	v	bezahlen	OntoWiktionaryDE_synonym
entlohnen	v	erstatten	OntoWiktionaryDE_hyponym-AUTO
entlohnen	v	gebühren	OntoWiktionaryDE_hyponym-AUTO
entlohnen	v	kassieren	OntoWiktionaryDE_antonym
entlohnen	v	löhnen	OntoWiktionaryDE_synonym
entlohnen	v	schenken	OntoWiktionaryDE_hyponym-AUTO
entlohnen	v	verdienen	OntoWiktionaryDE_antonym
entlohnen	v	zahlen	OntoWiktionaryDE_hypernym
erlöschen	v	ablaufen	OntoWiktionaryDE_synonym
erlöschen	v	ausgehen	OntoWiktionaryDE_synonym
erlöschen	v	auslaufen	OntoWiktionaryDE_synonym
erlöschen	v	aussterben	OntoWiktionaryDE_synonym
erlöschen	v	enden	OntoWiktionaryDE_synonym
erlöschen	v	verfallen	OntoWiktionaryDE_synonym
erlöschen	v	vertun	OntoWiktionaryDE_synonym-AUTO
ernennen	v	abberufen	OntoWiktionaryDE_antonym-AUTO
ernennen	v	abbestellen	OntoWiktionaryDE_antonym-AUTO
ernennen	v	berufen	OntoWiktionaryDE_synonym
ernennen	v	denominieren	OntoWiktionaryDE_synonym-AUTO
ernennen	v	einsetzen	OntoWiktionaryDE_synonym
ernennen	v	nominieren	OntoWiktionaryDE_antonym
ernennen	v	vozieren	OntoWiktionaryDE_synonym-AUTO
exaltiert	a	aufgeregt	OntoWiktionaryDE_synonym
exaltiert	a	chillig	OntoWiktionaryDE_antonym
exaltiert	a	fantastisch	OntoWiktionaryDE_synonym-AUTO
exaltiert	a	fiebrig	OntoWiktionaryDE_synonym
exaltiert	a	gelassen	OntoWiktionaryDE_antonym
exaltiert	a	hektisch	OntoWiktionaryDE_synonym
exaltiert	a	ruhig	OntoWiktionaryDE_antonym
explodieren	v	bumsen	OntoWiktionaryDE_synonym-AUTO
explodieren	v	durchdrehen	OntoWiktionaryDE_synonym-AUTO
explodieren	v	hochfahren	OntoWiktionaryDE_synonym-AUTO
explodieren	v	kochen	OntoWiktionaryDE_synonym-AUTO
explodieren	v	paffen	OntoWiktionaryDE_synonym-AUTO
explodieren	v	pfuzgen	OntoWiktionaryDE_synonym-AUTO
explodieren	v	platzen	OntoWiktionaryDE_synonym
explodieren	v	zerplatzen	OntoWiktionaryDE_synonym-AUTO
extern	a	intern	OntoWiktionaryDE_antonym
extern	a	internal	OntoWiktionaryDE_antonym-AUTO
fegen	v	auskehren	OntoWiktionaryDE_synonym-AUTO
fegen	v	fladern	OntoWiktionaryDE_synonym-AUTO
fegen	v	kehren	OntoWiktionaryDE_synonym-AUTO
fegen	v	koitieren	OntoWiktionaryDE_hypernym
fegen	v	reinigen	OntoWiktionaryDE_synonym-AUTO
fegen	v	rennen	OntoWiktionaryDE_hypernym
fegen	v	säubern	OntoWiktionaryDE_hypernym
fesselnd	a	attraktiv	OntoWiktionaryDE_synonym-AUTO
fesselnd	a	fad	OntoWiktionaryDE_antonym
fesselnd	a	interessant	OntoWiktionaryDE_synonym-AUTO
fesselnd	a	langweilig	OntoWiktionaryDE_antonym
fesselnd	a	packend	OntoWiktionaryDE_synonym
fesselnd	a	zwäg	OntoWiktionaryDE_synonym-AUTO
fundieren	v	darstellen	OntoWiktionaryDE_synonym-AUTO
fundieren	v	festigen	OntoWiktionaryDE_synonym
fundieren	v	feststellen	OntoWiktionaryDE_synonym-AUTO
fundieren	v	konstatieren	OntoWiktionaryDE_synonym-AUTO
fundieren	v	schildern	OntoWiktionaryDE_synonym-AUTO
fundieren	v	sichern	OntoWiktionaryDE_synonym
fundieren	v	stabilisieren	OntoWiktionaryDE_synonym
fundieren	v	verringern	OntoWiktionaryDE_antonym
fundieren	v	zeichnen	OntoWiktionaryDE_synonym-AUTO
gedeihen	v	blühen	OntoWiktionaryDE_synonym-AUTO
gedeihen	v	florieren	OntoWiktionaryDE_synonym
gedeihen	v	fortschreiten	OntoWiktionaryDE_synonym-AUTO
gedeihen	v	kümmern	OntoWiktionaryDE_antonym-AUTO
gedeihen	v	prosperieren	OntoWiktionaryDE_synonym
gedeihen	v	schwächeln	OntoWiktionaryDE_antonym-AUTO
humorvoll	a	amüsant	OntoWiktionaryDE_synonym-AUTO
humorvoll	a	ernst	OntoWiktionaryDE_antonym
humorvoll	a	heiter	OntoWiktionaryDE_synonym-AUTO
humorvoll	a	humorig	OntoWiktionaryDE_synonym-AUTO
humorvoll	a	humoristisch	OntoWiktionaryDE_synonym-AUTO
humorvoll	a	humorlos	OntoWiktionaryDE_antonym
humorvoll	a	komisch	OntoWiktionaryDE_synonym-AUTO
humorvoll	a	listig	OntoWiktionaryDE_synonym-AUTO
humorvoll	a	lustig	OntoWiktionaryDE_synonym-AUTO
humorvoll	a	lächerlich	OntoWiktionaryDE_synonym-AUTO
humorvoll	a	putzig	OntoWiktionaryDE_synonym-AUTO
humorvoll	a	ridikül	OntoWiktionaryDE_synonym-AUTO
humorvoll	a	scherzhaft	OntoWiktionaryDE_synonym-AUTO
humorvoll	a	ulkig	OntoWiktionaryDE_synonym-AUTO
humorvoll	a	ungewöhnlich	OntoWiktionaryDE_synonym-AUTO
humorvoll	a	unmöglich	OntoWiktionaryDE_synonym-AUTO
humorvoll	a	unterhaltsam	OntoWiktionaryDE_synonym-AUTO
humorvoll	a	witzig	OntoWiktionaryDE_synonym-AUTO
hüten	v	babysitten	OntoWiktionaryDE_synonym-AUTO
hüten	v	gaumen	OntoWiktionaryDE_synonym-AUTO
hüten	v	umsorgen	OntoWiktionaryDE_synonym-AUTO
koalieren	v	paktieren	OntoWiktionaryDE_synonym-AUTO
konstruktiv	a	destruktiv	OntoWiktionaryDE_antonym
konstruktiv	a	subversiv	OntoWiktionaryDE_antonym-AUTO
korrespondieren	v	gleichen	OntoWiktionaryDE_synonym
korrespondieren	v	kommunizieren	OntoWiktionaryDE_hypernym
korrespondieren	v	übereinstimmen	OntoWiktionaryDE_synonym
kryptisch	a	deutlich	OntoWiktionaryDE_antonym
kryptisch	a	dunkel	OntoWiktionaryDE_synonym-AUTO
kryptisch	a	düster	OntoWiktionaryDE_synonym-AUTO
kryptisch	a	geheim	OntoWiktionaryDE_synonym-AUTO
kryptisch	a	geheimnisvoll	OntoWiktionaryDE_synonym
kryptisch	a	heimlich	OntoWiktionaryDE_synonym-AUTO
kryptisch	a	illegal	OntoWiktionaryDE_synonym-AUTO
kryptisch	a	klammheimlich	OntoWiktionaryDE_synonym-AUTO
kryptisch	a	klandestin	OntoWiktionaryDE_synonym-AUTO
kryptisch	a	kommunikativ	OntoWiktionaryDE_hypernym
kryptisch	a	mysteriös	OntoWiktionaryDE_synonym
kryptisch	a	obskur	OntoWiktionaryDE_synonym
kryptisch	a	offen	OntoWiktionaryDE_antonym
kryptisch	a	präzise	OntoWiktionaryDE_antonym
kryptisch	a	schwarz	OntoWiktionaryDE_synonym-AUTO
kryptisch	a	still	OntoWiktionaryDE_synonym-AUTO
kryptisch	a	unklar	OntoWiktionaryDE_synonym
kryptisch	a	unverständlich	OntoWiktionaryDE_hypernym-AUTO
kryptisch	a	unverständlich	OntoWiktionaryDE_synonym
kryptisch	a	vage	OntoWiktionaryDE_synonym
kryptisch	a	verständlich	OntoWiktionaryDE_antonym
laben	v	beleben	OntoWiktionaryDE_synonym
laben	v	erquicken	OntoWiktionaryDE_synonym
laben	v	genießen	OntoWiktionaryDE_hypernym
laben	v	stärken	OntoWiktionaryDE_synonym
lancieren	v	annoncieren	OntoWiktionaryDE_synonym
lancieren	v	ausposaunen	OntoWiktionaryDE_synonym
lancieren	v	bringen	OntoWiktionaryDE_synonym-AUTO
lancieren	v	einführen	OntoWiktionaryDE_synonym
lancieren	v	emittieren	OntoWiktionaryDE_synonym-AUTO
lancieren	v	fetzen	OntoWiktionaryDE_synonym-AUTO
lancieren	v	fördern	OntoWiktionaryDE_synonym
lancieren	v	platzieren	OntoWiktionaryDE_synonym
lancieren	v	protegieren	OntoWiktionaryDE_synonym
lancieren	v	pushen	OntoWiktionaryDE_synonym
lancieren	v	schmeißen	OntoWiktionaryDE_synonym-AUTO
lancieren	v	umlaufen	OntoWiktionaryDE_synonym-AUTO
lancieren	v	unterstützen	OntoWiktionaryDE_synonym
lancieren	v	verbreiten	OntoWiktionaryDE_synonym
lancieren	v	veröffentlichen	OntoWiktionaryDE_synonym
lancieren	v	werfen	OntoWiktionaryDE_synonym-AUTO
langjährig	a	dick	OntoWiktionaryDE_synonym-AUTO
lecken	v	arschen	OntoWiktionaryDE_hypernym-AUTO
lecken	v	beißen	OntoWiktionaryDE_antonym-AUTO
lecken	v	schlecken	OntoWiktionaryDE_synonym
lecken	v	tropfen	OntoWiktionaryDE_synonym
legitimieren	v	anerkennen	OntoWiktionaryDE_synonym
leimen	v	bescheißen	OntoWiktionaryDE_synonym-AUTO
leimen	v	herausschneiden	OntoWiktionaryDE_antonym-AUTO
leimen	v	kleben	OntoWiktionaryDE_hypernym
leimen	v	klieben	OntoWiktionaryDE_antonym-AUTO
leimen	v	lackieren	OntoWiktionaryDE_synonym-AUTO
leimen	v	nähen	OntoWiktionaryDE_antonym-AUTO
leimen	v	täuschen	OntoWiktionaryDE_hypernym
löten	v	Naht	OntoWiktionaryDE_related-AUTO
löten	v	fügen	OntoWiktionaryDE_hypernym
löten	v	verbinden	OntoWiktionaryDE_hypernym
löten	v	verlöten	OntoWiktionaryDE_hyponym-AUTO
mahlen	v	durchdrehen	OntoWiktionaryDE_synonym-AUTO
mahlen	v	einmaischen	OntoWiktionaryDE_synonym
mahlen	v	kauen	OntoWiktionaryDE_synonym-AUTO
mahlen	v	maischen	OntoWiktionaryDE_synonym
mahlen	v	malmen	OntoWiktionaryDE_hyponym-AUTO
mahlen	v	zerkauen	OntoWiktionaryDE_antonym-AUTO
mitgehen	v	begleiten	OntoWiktionaryDE_synonym-AUTO
mitgehen	v	gehen	OntoWiktionaryDE_hypernym
mitgehen	v	mitkommen	OntoWiktionaryDE_synonym-AUTO
mitgehen	v	passen	OntoWiktionaryDE_antonym-AUTO
multilingual	a	bilingual	OntoWiktionaryDE_antonym
multilingual	a	einsprachig	OntoWiktionaryDE_antonym
multilingual	a	mehrsprachig	OntoWiktionaryDE_synonym
multilingual	a	monolingual	OntoWiktionaryDE_antonym
multilingual	a	polyglott	OntoWiktionaryDE_synonym-AUTO
mutwillig	a	boshaft	OntoWiktionaryDE_synonym-AUTO
mutwillig	a	leichtfertig	OntoWiktionaryDE_synonym-AUTO
mutwillig	a	willentlich	OntoWiktionaryDE_synonym-AUTO
nett	a	adrett	OntoWiktionaryDE_synonym-AUTO
nett	a	angenehm	OntoWiktionaryDE_synonym
nett	a	aufmerksam	OntoWiktionaryDE_synonym-AUTO
nett	a	barsch	OntoWiktionaryDE_antonym-AUTO
nett	a	bezaubernd	OntoWiktionaryDE_synonym-AUTO
nett	a	bitterböse	OntoWiktionaryDE_antonym-AUTO
nett	a	brüsk	OntoWiktionaryDE_antonym-AUTO
nett	a	böse	OntoWiktionaryDE_antonym-AUTO
nett	a	charmant	OntoWiktionaryDE_synonym-AUTO
nett	a	degoutant	OntoWiktionaryDE_antonym-AUTO
nett	a	delikat	OntoWiktionaryDE_synonym-AUTO
nett	a	dämonisch	OntoWiktionaryDE_antonym-AUTO
nett	a	einfach	OntoWiktionaryDE_antonym
nett	a	ekelerregend	OntoWiktionaryDE_antonym-AUTO
nett	a	ekelhaft	OntoWiktionaryDE_antonym-AUTO
nett	a	ekelig	OntoWiktionaryDE_antonym-AUTO
nett	a	eklig	OntoWiktionaryDE_antonym-AUTO
nett	a	empfindsam	OntoWiktionaryDE_synonym-AUTO
nett	a	feinfühlend	OntoWiktionaryDE_synonym-AUTO
nett	a	fesch	OntoWiktionaryDE_synonym
nett	a	formidabel	OntoWiktionaryDE_antonym-AUTO
nett	a	freundlich	OntoWiktionaryDE_synonym
nett	a	freundlich	OntoWiktionaryDE_synonym-AUTO
nett	a	freundschaftlich	OntoWiktionaryDE_synonym-AUTO
nett	a	furchtbar	OntoWiktionaryDE_antonym-AUTO
nett	a	garstig	OntoWiktionaryDE_antonym-AUTO
nett	a	gefällig	OntoWiktionaryDE_synonym-AUTO
nett	a	gehässig	OntoWiktionaryDE_antonym-AUTO
nett	a	geschmackvoll	OntoWiktionaryDE_synonym-AUTO
nett	a	gütig	OntoWiktionaryDE_synonym-AUTO
nett	a	hasserfüllt	OntoWiktionaryDE_antonym-AUTO
nett	a	heiß	OntoWiktionaryDE_synonym-AUTO
nett	a	herb	OntoWiktionaryDE_antonym-AUTO
nett	a	hilfreich	OntoWiktionaryDE_synonym-AUTO
nett	a	hilfsbereit	OntoWiktionaryDE_synonym-AUTO
nett	a	hässlich	OntoWiktionaryDE_antonym-AUTO
nett	a	hübsch	OntoWiktionaryDE_synonym-AUTO
nett	a	köstlich	OntoWiktionaryDE_synonym-AUTO
nett	a	lecker	OntoWiktionaryDE_synonym-AUTO
nett	a	lieb	OntoWiktionaryDE_synonym
nett	a	liebenswürdig	OntoWiktionaryDE_synonym
nett	a	lieblich	OntoWiktionaryDE_synonym-AUTO
nett	a	maliziös	OntoWiktionaryDE_antonym-AUTO
nett	a	mangelhaft	OntoWiktionaryDE_antonym-AUTO
nett	a	menschlich	OntoWiktionaryDE_synonym-AUTO
nett	a	niedlich	OntoWiktionaryDE_synonym-AUTO
nett	a	putzig	OntoWiktionaryDE_synonym-AUTO
nett	a	ranzig	OntoWiktionaryDE_antonym-AUTO
nett	a	rau	OntoWiktionaryDE_antonym-AUTO
nett	a	reizend	OntoWiktionaryDE_synonym-AUTO
nett	a	scharf	OntoWiktionaryDE_synonym-AUTO
nett	a	schmackhaft	OntoWiktionaryDE_synonym-AUTO
nett	a	schmafu	OntoWiktionaryDE_antonym-AUTO
nett	a	schmutzig	OntoWiktionaryDE_antonym-AUTO
nett	a	schrecklich	OntoWiktionaryDE_antonym-AUTO
nett	a	schön	OntoWiktionaryDE_synonym-AUTO
nett	a	sensitiv	OntoWiktionaryDE_synonym-AUTO
nett	a	sympathisch	OntoWiktionaryDE_synonym
nett	a	süß	OntoWiktionaryDE_synonym-AUTO
nett	a	toff	OntoWiktionaryDE_synonym-AUTO
nett	a	umgänglich	OntoWiktionaryDE_synonym-AUTO
nett	a	unfreundlich	OntoWiktionaryDE_antonym-AUTO
nett	a	verbindlich	OntoWiktionaryDE_synonym-AUTO
nett	a	verheerend	OntoWiktionaryDE_antonym-AUTO
nett	a	widerlich	OntoWiktionaryDE_antonym-AUTO
nett	a	wunderschön	OntoWiktionaryDE_synonym-AUTO
nett	a	wundervoll	OntoWiktionaryDE_synonym-AUTO
offenbaren	v	aufschließen	OntoWiktionaryDE_synonym-AUTO
offenbaren	v	ausposaunen	OntoWiktionaryDE_synonym-AUTO
offenbaren	v	entblößen	OntoWiktionaryDE_synonym-AUTO
offenbaren	v	entdecken	OntoWiktionaryDE_synonym-AUTO
offenbaren	v	enthüllen	OntoWiktionaryDE_synonym
offenbaren	v	eröffnen	OntoWiktionaryDE_synonym-AUTO
offenbaren	v	gestehen	OntoWiktionaryDE_synonym
offenbaren	v	kundtun	OntoWiktionaryDE_synonym-AUTO
offenbaren	v	manifestieren	OntoWiktionaryDE_synonym-AUTO
offenbaren	v	sagen	OntoWiktionaryDE_hypernym
offenbaren	v	verbergen	OntoWiktionaryDE_antonym-AUTO
offenbaren	v	verheimlichen	OntoWiktionaryDE_antonym-AUTO
offenbaren	v	verschweigen	OntoWiktionaryDE_antonym-AUTO
offenbaren	v	verstecken	OntoWiktionaryDE_antonym-AUTO
offenbaren	v	zeigen	OntoWiktionaryDE_hypernym
optimieren	v	meliorieren	OntoWiktionaryDE_synonym-AUTO
optimieren	v	perfektionieren	OntoWiktionaryDE_synonym-AUTO
optimieren	v	verbessern	OntoWiktionaryDE_synonym-AUTO
optimieren	v	verschlechtern	OntoWiktionaryDE_antonym
optimieren	v	verschlimmbessern	OntoWiktionaryDE_antonym
optimieren	v	verschlimmern	OntoWiktionaryDE_antonym
optimieren	v	ändern	OntoWiktionaryDE_hypernym
parteilos	a	objektiv	OntoWiktionaryDE_synonym-AUTO
parteilos	a	subjektiv	OntoWiktionaryDE_antonym-AUTO
phlegmatisch	a	apathisch	OntoWiktionaryDE_synonym-AUTO
phlegmatisch	a	aufgeweckt	OntoWiktionaryDE_antonym
phlegmatisch	a	cool	OntoWiktionaryDE_synonym-AUTO
phlegmatisch	a	flamboyant	OntoWiktionaryDE_antonym-AUTO
phlegmatisch	a	grausam	OntoWiktionaryDE_synonym-AUTO
phlegmatisch	a	kalt	OntoWiktionaryDE_synonym-AUTO
phlegmatisch	a	lebhaft	OntoWiktionaryDE_antonym
phlegmatisch	a	munter	OntoWiktionaryDE_antonym
phlegmatisch	a	rastlos	OntoWiktionaryDE_antonym-AUTO
phlegmatisch	a	träge	OntoWiktionaryDE_synonym-AUTO
phlegmatisch	a	unerschütterlich	OntoWiktionaryDE_synonym-AUTO
pluralistisch	a	gesellschaftlich	OntoWiktionaryDE_hypernym
pluralistisch	a	kausal	OntoWiktionaryDE_hypernym
pluralistisch	a	monokausal	OntoWiktionaryDE_antonym
pluralistisch	a	multikausal	OntoWiktionaryDE_synonym
pluralistisch	a	phänomenal	OntoWiktionaryDE_hypernym
pluralistisch	a	politisch	OntoWiktionaryDE_hypernym
pluralistisch	a	polymorph	OntoWiktionaryDE_synonym
pluralistisch	a	vielfältig	OntoWiktionaryDE_synonym
pluralistisch	a	vielgestaltig	OntoWiktionaryDE_synonym
postulieren	v	annehmen	OntoWiktionaryDE_synonym
postulieren	v	brauchen	OntoWiktionaryDE_hyponym
postulieren	v	fordern	OntoWiktionaryDE_synonym
postulieren	v	wollen	OntoWiktionaryDE_hypernym
postulieren	v	zumuten	OntoWiktionaryDE_synonym
provisorisch	a	superprovisorisch	OntoWiktionaryDE_antonym-AUTO
provisorisch	a	temporär	OntoWiktionaryDE_hypernym
provisorisch	a	vorläufig	OntoWiktionaryDE_synonym
provisorisch	a	vorübergehend	OntoWiktionaryDE_hypernym
provisorisch	a	zünftig	OntoWiktionaryDE_antonym-AUTO
rasant	a	schnell	OntoWiktionaryDE_hypernym-AUTO
religiös	a	areligiös	OntoWiktionaryDE_antonym-AUTO
religiös	a	buddhistisch	OntoWiktionaryDE_hyponym
religiös	a	christlich	OntoWiktionaryDE_hyponym
religiös	a	fromm	OntoWiktionaryDE_synonym
religiös	a	fromm	OntoWiktionaryDE_synonym-AUTO
religiös	a	islamisch	OntoWiktionaryDE_hyponym
religiös	a	islamitisch	OntoWiktionaryDE_hyponym-AUTO
religiös	a	jüdisch	OntoWiktionaryDE_hyponym
religiös	a	koranisch	OntoWiktionaryDE_hyponym-AUTO
religiös	a	laizistisch	OntoWiktionaryDE_antonym-AUTO
religiös	a	monotheistisch	OntoWiktionaryDE_hyponym-AUTO
religiös	a	polytheistisch	OntoWiktionaryDE_hyponym-AUTO
religiös	a	profan	OntoWiktionaryDE_antonym-AUTO
religiös	a	rational	OntoWiktionaryDE_antonym-AUTO
religiös	a	säkular	OntoWiktionaryDE_antonym-AUTO
religiös	a	weltlich	OntoWiktionaryDE_antonym
religiös	a	weltlich	OntoWiktionaryDE_antonym-AUTO
schmettern	v	erschallen	OntoWiktionaryDE_hypernym-AUTO
schmettern	v	schmeißen	OntoWiktionaryDE_synonym-AUTO
skizzieren	v	ausarbeiten	OntoWiktionaryDE_antonym
skizzieren	v	ausführen	OntoWiktionaryDE_antonym
skizzieren	v	beschreiben	OntoWiktionaryDE_hypernym
skizzieren	v	illustrieren	OntoWiktionaryDE_synonym-AUTO
skizzieren	v	konzipieren	OntoWiktionaryDE_synonym
skizzieren	v	kreiden	OntoWiktionaryDE_synonym-AUTO
skizzieren	v	lithographieren	OntoWiktionaryDE_antonym-AUTO
skizzieren	v	malen	OntoWiktionaryDE_antonym-AUTO
skizzieren	v	malen	OntoWiktionaryDE_hypernym
skizzieren	v	notieren	OntoWiktionaryDE_synonym-AUTO
skizzieren	v	pochieren	OntoWiktionaryDE_hyponym
skizzieren	v	porträtieren	OntoWiktionaryDE_synonym-AUTO
skizzieren	v	schildern	OntoWiktionaryDE_hypernym
skizzieren	v	trassieren	OntoWiktionaryDE_antonym
skizzieren	v	trassieren	OntoWiktionaryDE_hyponym-AUTO
skizzieren	v	umreißen	OntoWiktionaryDE_synonym
skizzieren	v	zeichnen	OntoWiktionaryDE_hypernym
spezifisch	a	allgemein	OntoWiktionaryDE_antonym-AUTO
spezifisch	a	charakteristisch	OntoWiktionaryDE_synonym-AUTO
spezifisch	a	eigenartig	OntoWiktionaryDE_synonym-AUTO
spezifisch	a	einschlägig	OntoWiktionaryDE_synonym-AUTO
spezifisch	a	fachlich	OntoWiktionaryDE_hyponym-AUTO
spezifisch	a	generisch	OntoWiktionaryDE_antonym-AUTO
spezifisch	a	individuell	OntoWiktionaryDE_synonym-AUTO
spezifisch	a	jeweilig	OntoWiktionaryDE_synonym-AUTO
spezifisch	a	speziell	OntoWiktionaryDE_hypernym
spezifisch	a	typisch	OntoWiktionaryDE_antonym-AUTO
spezifisch	a	typisch	OntoWiktionaryDE_synonym-AUTO
strukturiert	a	geriffelt	OntoWiktionaryDE_hyponym-AUTO
strukturiert	a	ordentlich	OntoWiktionaryDE_synonym-AUTO
strukturiert	a	platt	OntoWiktionaryDE_antonym-AUTO
stumpf	a	apathisch	OntoWiktionaryDE_synonym-AUTO
stumpf	a	bezaubernd	OntoWiktionaryDE_antonym-AUTO
stumpf	a	blank	OntoWiktionaryDE_antonym-AUTO
stumpf	a	charmant	OntoWiktionaryDE_antonym-AUTO
stumpf	a	derb	OntoWiktionaryDE_synonym-AUTO
stumpf	a	doof	OntoWiktionaryDE_synonym-AUTO
stumpf	a	dämlich	OntoWiktionaryDE_synonym-AUTO
stumpf	a	flau	OntoWiktionaryDE_synonym-AUTO
stumpf	a	gescheit	OntoWiktionaryDE_antonym-AUTO
stumpf	a	glatt	OntoWiktionaryDE_antonym
stumpf	a	glitschig	OntoWiktionaryDE_antonym
stumpf	a	glänzend	OntoWiktionaryDE_antonym
stumpf	a	grob	OntoWiktionaryDE_synonym-AUTO
stumpf	a	heiter	OntoWiktionaryDE_antonym-AUTO
stumpf	a	interessiert	OntoWiktionaryDE_antonym
stumpf	a	irisierend	OntoWiktionaryDE_antonym-AUTO
stumpf	a	klug	OntoWiktionaryDE_antonym-AUTO
stumpf	a	ledern	OntoWiktionaryDE_synonym-AUTO
stumpf	a	lästig	OntoWiktionaryDE_synonym-AUTO
stumpf	a	matt	OntoWiktionaryDE_synonym-AUTO
stumpf	a	müßig	OntoWiktionaryDE_synonym-AUTO
stumpf	a	neugierig	OntoWiktionaryDE_antonym
stumpf	a	patent	OntoWiktionaryDE_antonym-AUTO
stumpf	a	plump	OntoWiktionaryDE_synonym-AUTO
stumpf	a	primitiv	OntoWiktionaryDE_synonym-AUTO
stumpf	a	rau	OntoWiktionaryDE_synonym
stumpf	a	recht	OntoWiktionaryDE_antonym
stumpf	a	rege	OntoWiktionaryDE_antonym
stumpf	a	reizend	OntoWiktionaryDE_antonym-AUTO
stumpf	a	roh	OntoWiktionaryDE_synonym-AUTO
stumpf	a	scharf	OntoWiktionaryDE_antonym
stumpf	a	scharf	OntoWiktionaryDE_antonym-AUTO
stumpf	a	schlüpfrig	OntoWiktionaryDE_antonym
stumpf	a	schön	OntoWiktionaryDE_antonym-AUTO
stumpf	a	sinnfrei	OntoWiktionaryDE_synonym-AUTO
stumpf	a	spitz	OntoWiktionaryDE_antonym
stumpf	a	spitz	OntoWiktionaryDE_antonym-AUTO
stumpf	a	spitz	OntoWiktionaryDE_synonym-AUTO
stumpf	a	trist	OntoWiktionaryDE_synonym-AUTO
stumpf	a	träge	OntoWiktionaryDE_synonym-AUTO
stumpf	a	trüb	OntoWiktionaryDE_synonym-AUTO
stumpf	a	uneben	OntoWiktionaryDE_synonym
stumpf	a	zugänglich	OntoWiktionaryDE_antonym-AUTO
stumpf	a	öde	OntoWiktionaryDE_synonym-AUTO
thronen	v	abdanken	OntoWiktionaryDE_antonym
thronen	v	dienen	OntoWiktionaryDE_antonym
thronen	v	dümpeln	OntoWiktionaryDE_antonym
thronen	v	exponieren	OntoWiktionaryDE_hypernym
thronen	v	gehorchen	OntoWiktionaryDE_antonym
thronen	v	herrschen	OntoWiktionaryDE_synonym
thronen	v	lenken	OntoWiktionaryDE_hypernym
thronen	v	liegen	OntoWiktionaryDE_antonym
thronen	v	regieren	OntoWiktionaryDE_synonym
thronen	v	verschwinden	OntoWiktionaryDE_antonym
thronen	v	überragen	OntoWiktionaryDE_synonym
thronen	v	übersteigen	OntoWiktionaryDE_synonym
turbulent	a	chaotisch	OntoWiktionaryDE_synonym
turbulent	a	heftig	OntoWiktionaryDE_synonym-AUTO
turbulent	a	laminar	OntoWiktionaryDE_antonym
turbulent	a	lebhaft	OntoWiktionaryDE_synonym
turbulent	a	ruhig	OntoWiktionaryDE_antonym
turbulent	a	still	OntoWiktionaryDE_antonym
turbulent	a	unruhig	OntoWiktionaryDE_synonym
turbulent	a	wirr	OntoWiktionaryDE_synonym
ungesetzlich	a	gesetzeswidrig	OntoWiktionaryDE_synonym
ungesetzlich	a	gesetzlich	OntoWiktionaryDE_antonym
ungesetzlich	a	gesetzwidrig	OntoWiktionaryDE_synonym-AUTO
ungesetzlich	a	illegal	OntoWiktionaryDE_synonym
ungesetzlich	a	legal	OntoWiktionaryDE_antonym
ungesetzlich	a	rechtlich	OntoWiktionaryDE_antonym-AUTO
ungesetzlich	a	rechtmäßig	OntoWiktionaryDE_antonym-AUTO
ungesetzlich	a	schwarz	OntoWiktionaryDE_synonym-AUTO
ungesetzlich	a	unrechtmäßig	OntoWiktionaryDE_synonym-AUTO
ungesetzlich	a	verboten	OntoWiktionaryDE_synonym-AUTO
unkalkulierbar	a	unberechenbar	OntoWiktionaryDE_synonym
unklar	a	ausdrücklich	OntoWiktionaryDE_antonym-AUTO
unklar	a	beredt	OntoWiktionaryDE_antonym-AUTO
unklar	a	bestimmt	OntoWiktionaryDE_antonym
unklar	a	bestimmt	OntoWiktionaryDE_antonym-AUTO
unklar	a	deutlich	OntoWiktionaryDE_antonym
unklar	a	deutlich	OntoWiktionaryDE_antonym-AUTO
unklar	a	diffus	OntoWiktionaryDE_synonym-AUTO
unklar	a	eindeutig	OntoWiktionaryDE_antonym-AUTO
unklar	a	explizit	OntoWiktionaryDE_antonym-AUTO
unklar	a	fraglich	OntoWiktionaryDE_synonym-AUTO
unklar	a	genau	OntoWiktionaryDE_antonym-AUTO
unklar	a	gewiss	OntoWiktionaryDE_antonym
unklar	a	greifbar	OntoWiktionaryDE_antonym-AUTO
unklar	a	klar	OntoWiktionaryDE_antonym
unklar	a	klar	OntoWiktionaryDE_antonym-AUTO
unklar	a	konkret	OntoWiktionaryDE_antonym-AUTO
unklar	a	kryptisch	OntoWiktionaryDE_synonym-AUTO
unklar	a	mystisch	OntoWiktionaryDE_synonym-AUTO
unklar	a	nachvollziehbar	OntoWiktionaryDE_antonym-AUTO
unklar	a	nebulös	OntoWiktionaryDE_synonym-AUTO
unklar	a	obskur	OntoWiktionaryDE_synonym-AUTO
unklar	a	präzise	OntoWiktionaryDE_antonym
unklar	a	tangibel	OntoWiktionaryDE_antonym-AUTO
unklar	a	unbestimmt	OntoWiktionaryDE_synonym-AUTO
unklar	a	unmissverständlich	OntoWiktionaryDE_antonym-AUTO
unklar	a	vage	OntoWiktionaryDE_synonym-AUTO
unklar	a	verständlich	OntoWiktionaryDE_antonym
unklar	a	verwaltert	OntoWiktionaryDE_synonym-AUTO
unklar	a	verworren	OntoWiktionaryDE_synonym-AUTO
unvermittelt	a	abrupt	OntoWiktionaryDE_synonym
unvermittelt	a	brüsk	OntoWiktionaryDE_synonym-AUTO
unvermittelt	a	plötzlich	OntoWiktionaryDE_synonym
unvermittelt	a	rasch	OntoWiktionaryDE_synonym-AUTO
unvermittelt	a	unerwartet	OntoWiktionaryDE_synonym
unvermittelt	a	überraschend	OntoWiktionaryDE_synonym
ursprünglich	a	einheimisch	OntoWiktionaryDE_synonym-AUTO
ursprünglich	a	epigonisch	OntoWiktionaryDE_antonym-AUTO
ursprünglich	a	genuin	OntoWiktionaryDE_synonym-AUTO
ursprünglich	a	nativ	OntoWiktionaryDE_synonym-AUTO
ursprünglich	a	original	OntoWiktionaryDE_synonym
ursprünglich	a	originär	OntoWiktionaryDE_synonym-AUTO
ursprünglich	a	primitiv	OntoWiktionaryDE_synonym-AUTO
ursprünglich	a	vormalig	OntoWiktionaryDE_synonym-AUTO
verblenden	v	verputzen	OntoWiktionaryDE_hyponym
verblenden	v	verwirren	OntoWiktionaryDE_hypernym
vergesslich	a	Gedächtnis	OntoWiktionaryDE_hypernym
vergesslich	a	gedankenlos	OntoWiktionaryDE_synonym
vergesslich	a	gedankenverloren	OntoWiktionaryDE_synonym
vergesslich	a	nachlässig	OntoWiktionaryDE_synonym
vergesslich	a	obliviös	OntoWiktionaryDE_synonym
vergesslich	a	schnelllebig	OntoWiktionaryDE_synonym
vergesslich	a	schusselig	OntoWiktionaryDE_synonym
vergesslich	a	unvergesslich	OntoWiktionaryDE_antonym
vergesslich	a	zerstreut	OntoWiktionaryDE_synonym
verlängern	v	ausbauen	OntoWiktionaryDE_synonym-AUTO
verlängern	v	ausdehnen	OntoWiktionaryDE_synonym-AUTO
verlängern	v	auslassen	OntoWiktionaryDE_synonym-AUTO
verlängern	v	erstrecken	OntoWiktionaryDE_synonym-AUTO
verlängern	v	erweitern	OntoWiktionaryDE_synonym-AUTO
verlängern	v	gehen	OntoWiktionaryDE_synonym-AUTO
verlängern	v	kontrahieren	OntoWiktionaryDE_antonym-AUTO
verlängern	v	kürzen	OntoWiktionaryDE_antonym-AUTO
verlängern	v	panschen	OntoWiktionaryDE_synonym-AUTO
verlängern	v	pantschen	OntoWiktionaryDE_synonym-AUTO
verlängern	v	projizieren	OntoWiktionaryDE_synonym-AUTO
verlängern	v	prolongieren	OntoWiktionaryDE_synonym-AUTO
verlängern	v	protrahieren	OntoWiktionaryDE_synonym-AUTO
verlängern	v	strecken	OntoWiktionaryDE_synonym-AUTO
verlängern	v	verkürzen	OntoWiktionaryDE_antonym
verlängern	v	ärschen	OntoWiktionaryDE_synonym-AUTO
vertauschen	v	abkommen	OntoWiktionaryDE_antonym-AUTO
vertauschen	v	abändern	OntoWiktionaryDE_synonym-AUTO
vertauschen	v	akquirieren	OntoWiktionaryDE_antonym-AUTO
vertauschen	v	anschaffen	OntoWiktionaryDE_antonym-AUTO
vertauschen	v	aufheben	OntoWiktionaryDE_antonym-AUTO
vertauschen	v	austauschen	OntoWiktionaryDE_synonym
vertauschen	v	austauschen	OntoWiktionaryDE_synonym-AUTO
vertauschen	v	beschaffen	OntoWiktionaryDE_antonym-AUTO
vertauschen	v	beschickern	OntoWiktionaryDE_antonym-AUTO
vertauschen	v	besorgen	OntoWiktionaryDE_antonym-AUTO
vertauschen	v	einwechseln	OntoWiktionaryDE_synonym-AUTO
vertauschen	v	erneuern	OntoWiktionaryDE_synonym-AUTO
vertauschen	v	erwerben	OntoWiktionaryDE_antonym-AUTO
vertauschen	v	erwischen	OntoWiktionaryDE_antonym-AUTO
vertauschen	v	finden	OntoWiktionaryDE_antonym-AUTO
vertauschen	v	gewinnen	OntoWiktionaryDE_antonym-AUTO
vertauschen	v	herausfinden	OntoWiktionaryDE_antonym-AUTO
vertauschen	v	herbringen	OntoWiktionaryDE_antonym-AUTO
vertauschen	v	holen	OntoWiktionaryDE_antonym-AUTO
vertauschen	v	kriegen	OntoWiktionaryDE_antonym-AUTO
vertauschen	v	schalten	OntoWiktionaryDE_antonym-AUTO
vertauschen	v	schickern	OntoWiktionaryDE_antonym-AUTO
vertauschen	v	schnappen	OntoWiktionaryDE_antonym-AUTO
vertauschen	v	steigen	OntoWiktionaryDE_antonym-AUTO
vertauschen	v	tauschen	OntoWiktionaryDE_synonym-AUTO
vertauschen	v	umpolen	OntoWiktionaryDE_synonym-AUTO
vertauschen	v	umstellen	OntoWiktionaryDE_synonym-AUTO
vertauschen	v	verbringen	OntoWiktionaryDE_antonym-AUTO
vertauschen	v	verbringen	OntoWiktionaryDE_synonym-AUTO
vertauschen	v	verführen	OntoWiktionaryDE_antonym-AUTO
vertauschen	v	verkuppeln	OntoWiktionaryDE_antonym-AUTO
vertauschen	v	verlegen	OntoWiktionaryDE_synonym-AUTO
vertauschen	v	verschaffen	OntoWiktionaryDE_antonym-AUTO
vertauschen	v	verwechseln	OntoWiktionaryDE_synonym
vertauschen	v	wechseln	OntoWiktionaryDE_synonym-AUTO
Übereinstimmung	n	Antagonismus	OntoWiktionaryDE_antonym-AUTO
Übereinstimmung	n	Aufregung	OntoWiktionaryDE_antonym-AUTO
Übereinstimmung	n	Diskrepanz	OntoWiktionaryDE_antonym-AUTO
Übereinstimmung	n	Distanzierung	OntoWiktionaryDE_antonym-AUTO
Übereinstimmung	n	Eintracht	OntoWiktionaryDE_synonym-AUTO
Übereinstimmung	n	Einverständnis	OntoWiktionaryDE_synonym-AUTO
Übereinstimmung	n	Harmonie	OntoWiktionaryDE_synonym-AUTO
Übereinstimmung	n	Identität	OntoWiktionaryDE_hyponym
Übereinstimmung	n	Identität	OntoWiktionaryDE_synonym-AUTO
Übereinstimmung	n	Klang	OntoWiktionaryDE_synonym-AUTO
Übereinstimmung	n	Konkordia	OntoWiktionaryDE_synonym-AUTO
Übereinstimmung	n	Konsens	OntoWiktionaryDE_synonym-AUTO
Übereinstimmung	n	Konsensus	OntoWiktionaryDE_synonym-AUTO
Übereinstimmung	n	Konvergenz	OntoWiktionaryDE_hyponym-AUTO
Übereinstimmung	n	wie aus demselben Ei gebrütet	OntoWiktionaryDE_hyponym-AUTO
Übereinstimmung	n	wie aus demselben Ei gekrochen	OntoWiktionaryDE_hyponym-AUTO
Übereinstimmung	n	wie ein Ei dem anderen gleichen	OntoWiktionaryDE_hyponym-AUTO