ablöschen	v	abwischen	duden_synonym
abmalen	v	abzeichnen	duden_synonym
abmalen	v	kopieren	duden_synonym
abmalen	v	malen	duden_synonym
abmalen	v	nachmalen	duden_synonym
abmalen	v	nachzeichnen	duden_synonym
abmalen	v	wiedergeben	duden_synonym
abmalen	v	abpinseln	duden_synonym
abmalen	v	abkonterfeien	duden_synonym
abstürzen	v	herabstürzen	duden_synonym
abstürzen	v	herunterfallen	duden_synonym
abstürzen	v	herunterstürzen	duden_synonym
abstürzen	v	hinunterfallen	duden_synonym
abstürzen	v	hinuntersausen	duden_synonym
abstürzen	v	herabfallen	duden_synonym
abstürzen	v	niederfallen	duden_synonym
abstürzen	v	niederstürzen	duden_synonym
abstürzen	v	abschmieren	duden_synonym
abstürzen	v	herunterfliegen	duden_synonym
abstürzen	v	hinunterfliegen	duden_synonym
abstürzen	v	runterfallen	duden_synonym
abstürzen	v	runterfliegen	duden_synonym
abstürzen	v	heruntersegeln	duden_synonym
abstürzen	v	abtrudeln	duden_synonym
abstürzen	v	abfallen	duden_synonym
abwechselnd	a	abwechslungsweise	duden_synonym
abwechselnd	a	umschichtig	duden_synonym
abwechselnd	a	wechselweise	duden_synonym
abwechselnd	a	alternierend	duden_synonym
alkoholsüchtig	a	trunksüchtig	duden_synonym
alkoholsüchtig	a	alkoholabhängig	duden_synonym
alkoholsüchtig	a	versoffen	duden_synonym
angestammt	a	angeboren	duden_synonym
angestammt	a	erblich	duden_synonym
angestammt	a	vererbt	duden_synonym
anklagen	v	anlasten	duden_synonym
anklagen	v	beschuldigen	duden_synonym
anklagen	v	bezichtigen	duden_synonym
anklagen	v	vorwerfen	duden_synonym
anklagen	v	anschuldigen	duden_synonym
anklagen	v	zeihen	duden_synonym
anklagen	v	inkriminieren	duden_synonym
anklagen	v	inkulpieren	duden_synonym
anklagen	v	anprangern	duden_synonym
anklagen	v	beschuldigen	duden_synonym
anklagen	v	bezichtigen	duden_synonym
anklagen	v	klagen	duden_synonym
anklagen	v	vorwerfen	duden_synonym
anklagen	v	anschuldigen	duden_synonym
anklagen	v	zeihen	duden_synonym
anklagen	v	insimulieren	duden_synonym
anklagen	v	imputieren	duden_synonym
anprobieren	v	anziehen	duden_synonym
anprobieren	v	probieren	duden_synonym
anprobieren	v	überziehen	duden_synonym
anspitzen	v	animieren	duden_synonym
anspitzen	v	anmachen	duden_synonym
anspitzen	v	anstacheln	duden_synonym
anspitzen	v	anstiften	duden_synonym
anspitzen	v	antreiben	duden_synonym
anspitzen	v	aufhetzen	duden_synonym
anspitzen	v	aufpeitschen	duden_synonym
anspitzen	v	aufputschen	duden_synonym
anspitzen	v	aufwiegeln	duden_synonym
anspitzen	v	begeistern	duden_synonym
anspitzen	v	bewegen	duden_synonym
anspitzen	v	ermuntern	duden_synonym
anspitzen	v	mitreißen	duden_synonym
anspitzen	v	scharfmachen	duden_synonym
anspitzen	v	spitzen	duden_synonym
anspitzen	v	verführen	duden_synonym
anspitzen	v	verleiten	duden_synonym
anspitzen	v	verlocken	duden_synonym
anspitzen	v	vorwärtstreiben	duden_synonym
anspitzen	v	zuspitzen	duden_synonym
Antrag	n	Anfrage	duden_synonym
Antrag	n	Anliegen	duden_synonym
Antrag	n	Ansuchen	duden_synonym
Antrag	n	Bettelbrief	duden_synonym
Antrag	n	Bitte	duden_synonym
Antrag	n	Bittgesuch	duden_synonym
Antrag	n	Bittschreiben	duden_synonym
Antrag	n	Bittschrift	duden_synonym
Antrag	n	Eingabe	duden_synonym
Antrag	n	Forderung	duden_synonym
Antrag	n	Gesuch	duden_synonym
Antrag	n	Ersuchen	duden_synonym
Antrag	n	Begehren	duden_synonym
Antrag	n	Applikation	duden_synonym
Antrag	n	Petition	duden_synonym
Antrag	n	Formular	duden_synonym
Antrag	n	Vordruck	duden_synonym
Antrag	n	Empfehlung	duden_synonym
Antrag	n	Entwurf	duden_synonym
Antrag	n	Vorlage	duden_synonym
Antrag	n	Vorschlag	duden_synonym
Aristokratie	n	Adelsherrschaft	duden_synonym
Aristokratie	n	Oligarchie	duden_synonym
Aristokratie	n	Plutokratie	duden_synonym
Aristokratie	n	Adel	duden_synonym
Aristokratie	n	Adelsstand	duden_synonym
Aristokratie	n	Noblesse	duden_synonym
Aristokratie	n	Nobilität	duden_synonym
Aristokratie	n	Adel	duden_synonym
Aristokratie	n	Vornehmheit	duden_synonym
Aristokratie	n	Würde	duden_synonym
Aristokratie	n	Noblesse	duden_synonym
Aristokratie	n	Distinktion	duden_synonym
assoziieren	v	koalieren	duden_synonym
assoziieren	v	zusammengehen	duden_synonym
assoziieren	v	konföderieren	duden_synonym
Athlet	n	Bodybuilder	duden_synonym
Athlet	n	Bodybuilderin	duden_synonym
Athlet	n	Herkules	duden_synonym
Athlet	n	Kraftmensch	duden_synonym
Athlet	n	Tarzan	duden_synonym
Athlet	n	Eisenfresser	duden_synonym
Athlet	n	Eisenfresserin	duden_synonym
Athlet	n	Kraftpaket	duden_synonym
Athlet	n	Muskelmann	duden_synonym
Athlet	n	Muskelfrau	duden_synonym
Athlet	n	Muskelpaket	duden_synonym
Athlet	n	Muskelprotz	duden_synonym
Athlet	n	Kraftprotz	duden_synonym
Athlet	n	Athletiker	duden_synonym
Athlet	n	Athletikerin	duden_synonym
Athlet	n	Kraftlackel	duden_synonym
Athlet	n	Spieler	duden_synonym
Athlet	n	Spielerin	duden_synonym
Athlet	n	Sportler	duden_synonym
Athlet	n	Sportlerin	duden_synonym
Athlet	n	Crack	duden_synonym
Athlet	n	Wettkämpfer	duden_synonym
Athlet	n	Wettkämpferin	duden_synonym
Athlet	n	Akteur	duden_synonym
Athlet	n	Akteurin	duden_synonym
Auftrieb	n	Ansporn	duden_synonym
Auftrieb	n	Anstoß	duden_synonym
Auftrieb	n	Antrieb	duden_synonym
Auftrieb	n	Aufwind	duden_synonym
Auftrieb	n	Energie	duden_synonym
Auftrieb	n	Impuls	duden_synonym
Auftrieb	n	Kraft	duden_synonym
Auftrieb	n	Schwung	duden_synonym
Auftrieb	n	Aufschwung	duden_synonym
Auftrieb	n	Drive	duden_synonym
Auftrieb	n	Elan	duden_synonym
Auftrieb	n	Stimulanz	duden_synonym
Auftrieb	n	Stimulus	duden_synonym
ausführbar	a	durchführbar	duden_synonym
ausführbar	a	machbar	duden_synonym
ausführbar	a	möglich	duden_synonym
ausführbar	a	praktikabel	duden_synonym
ausführbar	a	realisierbar	duden_synonym
ausführbar	a	managebar	duden_synonym
möbliert	?	gestaltet	duden_synonym
aussagekräftig	a	ausdrucksstark	duden_synonym
aussagekräftig	a	gehaltvoll	duden_synonym
aussagekräftig	a	geistreich	duden_synonym
aussagekräftig	a	inhaltsreich	duden_synonym
aussagekräftig	a	inhaltsschwer	duden_synonym
aussagekräftig	a	expressiv	duden_synonym
Ballade	n	Gedicht	duden_synonym
Ballade	n	Romanze	duden_synonym
Bandit	n	Dieb	duden_synonym
Bandit	n	Diebin	duden_synonym
Bandit	n	Krimineller	duden_synonym
Bandit	n	Kriminelle	duden_synonym
Bandit	n	Mobster	duden_synonym
Bandit	n	Straßenräuber	duden_synonym
Bandit	n	Straßenräuberin	duden_synonym
Bandit	n	Verbrecher	duden_synonym
Bandit	n	Verbrecherin	duden_synonym
Bandit	n	Desperado	duden_synonym
Bandit	n	Falott	duden_synonym
Bandit	n	Falottin	duden_synonym
Bandit	n	Gangster	duden_synonym
Bandit	n	Gangsterin	duden_synonym
Bandit	n	Halunke	duden_synonym
Bandit	n	Lump	duden_synonym
Bandit	n	Schuft	duden_synonym
Bandit	n	Schurke	duden_synonym
Bandit	n	Schurkin	duden_synonym
Bandit	n	Wegelagerer	duden_synonym
Bandit	n	Wegelagerin	duden_synonym
Bandit	n	Ganove	duden_synonym
Bandit	n	Ganovin	duden_synonym
Bandit	n	Gauner	duden_synonym
Bandit	n	Gaunerin	duden_synonym
Bandit	n	Spitzbube	duden_synonym
Bandit	n	Spitzbübin	duden_synonym
Bandit	n	Strauchdieb	duden_synonym
Bandit	n	Strauchdiebin	duden_synonym
Bandit	n	Räuber	duden_synonym
Bandit	n	Räuberin	duden_synonym
Bandit	n	Lumpazius	duden_synonym
Bandit	n	Brigant	duden_synonym
Befestigung	n	Fassung	duden_synonym
Befestigung	n	Schnürung	duden_synonym
Befestigung	n	Umrandung	duden_synonym
Befestigung	n	Verschraubung	duden_synonym
Befestigung	n	Applikation	duden_synonym
Befestigung	n	Hintermauerung	duden_synonym
Befestigung	n	Geschiebe	duden_synonym
Befestigung	n	Festung	duden_synonym
Befestigung	n	Fort	duden_synonym
Befestigung	n	Palisade	duden_synonym
Befestigung	n	Verteidigungsanlage	duden_synonym
Befestigung	n	Wallanlage	duden_synonym
Befestigung	n	Schwedenschanze	duden_synonym
Befestigung	n	Fortifikation	duden_synonym
Befestigung	n	Fliehburg	duden_synonym
Befestigung	n	Bollwerk	duden_synonym
Befestigung	n	Brückenkopf	duden_synonym
befördern	v	bringen	duden_synonym
befördern	v	fahren	duden_synonym
befördern	v	schaffen	duden_synonym
befördern	v	spedieren	duden_synonym
befördern	v	transportieren	duden_synonym
befördern	v	überführen	duden_synonym
befördern	v	expedieren	duden_synonym
befördern	v	höhergruppieren	duden_synonym
befördern	v	höherstufen	duden_synonym
befördern	v	begünstigen	duden_synonym
befördern	v	erhöhen	duden_synonym
befördern	v	fördern	duden_synonym
befördern	v	heben	duden_synonym
befördern	v	steigern	duden_synonym
befördern	v	unterstützen	duden_synonym
befördern	v	verstärken	duden_synonym
befördern	v	anheizen	duden_synonym
Bekanntheit	n	Berühmtheit	duden_synonym
Bekanntheit	n	Publicity	duden_synonym
belehren	v	dozieren	duden_synonym
belehren	v	lehren	duden_synonym
belehren	v	unterweisen	duden_synonym
belehren	v	predigen	duden_synonym
belehren	v	schulmeistern	duden_synonym
belehren	v	moralisieren	duden_synonym
belehren	v	aufklären	duden_synonym
belehren	v	bekannt machen	duden_synonym
belehren	v	informieren	duden_synonym
brutal	a	aggressiv	duden_synonym
brutal	a	barbarisch	duden_synonym
brutal	a	bestialisch	duden_synonym
brutal	a	drastisch	duden_synonym
brutal	a	entmenscht	duden_synonym
brutal	a	erbarmungslos	duden_synonym
brutal	a	gefühllos	duden_synonym
brutal	a	gewaltsam	duden_synonym
brutal	a	gewalttätig	duden_synonym
brutal	a	gnadenlos	duden_synonym
brutal	a	grausam	duden_synonym
brutal	a	hart	duden_synonym
brutal	a	hemmungslos	duden_synonym
brutal	a	herzlos	duden_synonym
brutal	a	mitleidlos	duden_synonym
brutal	a	rabiat	duden_synonym
brutal	a	radikal	duden_synonym
brutal	a	rigoros	duden_synonym
brutal	a	schonungslos	duden_synonym
brutal	a	unbarmherzig	duden_synonym
brutal	a	unerbittlich	duden_synonym
brutal	a	ungerührt	duden_synonym
brutal	a	unmenschlich	duden_synonym
brutal	a	unmissverständlich	duden_synonym
brutal	a	ruchlos	duden_synonym
brutal	a	inhuman	duden_synonym
brutal	a	krude	duden_synonym
brutal	a	direkt	duden_synonym
brutal	a	kaltschnäuzig	duden_synonym
brutal	a	kaltblütig	duden_synonym
brutal	a	kannibalisch	duden_synonym
brutal	a	roh	duden_synonym
brutal	a	rücksichtslos	duden_synonym
brutal	a	rüde	duden_synonym
brutal	a	skrupellos	duden_synonym
brutal	a	viehisch	duden_synonym
brutal	a	wüst	duden_synonym
brutal	a	tierisch	duden_synonym
brutal	a	auffallend	duden_synonym
brutal	a	ausgemacht	duden_synonym
brutal	a	ausgesprochen	duden_synonym
brutal	a	ausgesucht	duden_synonym
brutal	a	außergewöhnlich	duden_synonym
brutal	a	außerordentlich	duden_synonym
brutal	a	äußerst	duden_synonym
brutal	a	beachtlich	duden_synonym
brutal	a	bedeutend	duden_synonym
brutal	a	bemerkenswert	duden_synonym
brutal	a	besonders	duden_synonym
brutal	a	bitter	duden_synonym
brutal	a	bitterlich	duden_synonym
brutal	a	brennend	duden_synonym
brutal	a	denkbar	duden_synonym
brutal	a	empfindlich	duden_synonym
brutal	a	erstaunlich	duden_synonym
brutal	a	extrem	duden_synonym
brutal	a	ganz	duden_synonym
brutal	a	gehörig	duden_synonym
brutal	a	grenzenlos	duden_synonym
brutal	a	hell	duden_synonym
brutal	a	hellauf	duden_synonym
brutal	a	herzlich	duden_synonym
brutal	a	hoch	duden_synonym
brutal	a	höchst	duden_synonym
brutal	a	hoffnungslos	duden_synonym
brutal	a	leidenschaftlich	duden_synonym
brutal	a	maßlos	duden_synonym
brutal	a	peinlich	duden_synonym
brutal	a	tief	duden_synonym
brutal	a	übermäßig	duden_synonym
brutal	a	unanständig	duden_synonym
brutal	a	unaussprechlich	duden_synonym
brutal	a	unbändig	duden_synonym
brutal	a	unbeschreiblich	duden_synonym
brutal	a	unerträglich	duden_synonym
brutal	a	ungemein	duden_synonym
brutal	a	ungewöhnlich	duden_synonym
brutal	a	unmäßig	duden_synonym
brutal	a	unsagbar	duden_synonym
brutal	a	unübersehbar	duden_synonym
brutal	a	unvergleichlich	duden_synonym
brutal	a	abgründig	duden_synonym
brutal	a	auserlesen	duden_synonym
brutal	a	ausnehmend	duden_synonym
brutal	a	namenlos	duden_synonym
brutal	a	überaus	duden_synonym
brutal	a	unermesslich	duden_synonym
brutal	a	unsäglich	duden_synonym
brutal	a	zuinnerst	duden_synonym
brutal	a	eminent	duden_synonym
brutal	a	infernalisch	duden_synonym
brutal	a	abscheulich	duden_synonym
brutal	a	bestialisch	duden_synonym
brutal	a	böse	duden_synonym
brutal	a	bullig	duden_synonym
brutal	a	dick	duden_synonym
brutal	a	ekelhaft	duden_synonym
brutal	a	eklig	duden_synonym
brutal	a	elend	duden_synonym
brutal	a	enorm	duden_synonym
brutal	a	entsetzlich	duden_synonym
brutal	a	fabelhaft	duden_synonym
brutal	a	furchtbar	duden_synonym
brutal	a	fürchterlich	duden_synonym
brutal	a	gemein	duden_synonym
brutal	a	gewaltig	duden_synonym
brutal	a	grässlich	duden_synonym
brutal	a	grauenhaft	duden_synonym
brutal	a	grauenvoll	duden_synonym
brutal	a	gräulich	duden_synonym
brutal	a	grausam	duden_synonym
brutal	a	grausig	duden_synonym
brutal	a	gründlich	duden_synonym
brutal	a	himmlisch	duden_synonym
brutal	a	höllisch	duden_synonym
brutal	a	hübsch	duden_synonym
brutal	a	knallig	duden_synonym
brutal	a	königlich	duden_synonym
brutal	a	mächtig	duden_synonym
brutal	a	mörderisch	duden_synonym
brutal	a	nett	duden_synonym
brutal	a	niederträchtig	duden_synonym
brutal	a	ordentlich	duden_synonym
brutal	a	rasend	duden_synonym
brutal	a	reichlich	duden_synonym
brutal	a	rettungslos	duden_synonym
brutal	a	riesig	duden_synonym
brutal	a	schandbar	duden_synonym
brutal	a	schändlich	duden_synonym
brutal	a	schlimm	duden_synonym
brutal	a	schrecklich	duden_synonym
brutal	a	sündhaft	duden_synonym
brutal	a	teuflisch	duden_synonym
brutal	a	toll	duden_synonym
brutal	a	total	duden_synonym
brutal	a	tüchtig	duden_synonym
brutal	a	unglaublich	duden_synonym
brutal	a	unheimlich	duden_synonym
brutal	a	unsinnig	duden_synonym
brutal	a	unsterblich	duden_synonym
brutal	a	unwahrscheinlich	duden_synonym
brutal	a	verdammt	duden_synonym
brutal	a	verflixt	duden_synonym
brutal	a	verrückt	duden_synonym
brutal	a	voll	duden_synonym
brutal	a	wahnsinnig	duden_synonym
brutal	a	wunderbar	duden_synonym
brutal	a	wundervoll	duden_synonym
brutal	a	gottserbärmlich	duden_synonym
brutal	a	hundserbärmlich	duden_synonym
brutal	a	hundsmäßig	duden_synonym
brutal	a	irre	duden_synonym
brutal	a	irrsinnig	duden_synonym
brutal	a	tierisch	duden_synonym
brutal	a	verflucht	duden_synonym
brutal	a	abgöttisch	duden_synonym
brutal	a	barbarisch	duden_synonym
brutal	a	erbärmlich	duden_synonym
brutal	a	haushoch	duden_synonym
brutal	a	jämmerlich	duden_synonym
brutal	a	märchenhaft	duden_synonym
brutal	a	unendlich	duden_synonym
brutal	a	unvorstellbar	duden_synonym
brutal	a	verzweifelt	duden_synonym
brutal	a	zutiefst	duden_synonym
brutal	a	tödlich	duden_synonym
brutal	a	unerhört	duden_synonym
brutal	a	ungeheuer	duden_synonym
brutal	a	ungeheuerlich	duden_synonym
brutal	a	kolossal	duden_synonym
brutal	a	sagenhaft	duden_synonym
brutal	a	scheußlich	duden_synonym
brutal	a	unverschämt	duden_synonym
brutal	a	verteufelt	duden_synonym
brutal	a	mordsmäßig	duden_synonym
brutal	a	unmenschlich	duden_synonym
brutal	a	säuisch	duden_synonym
brutal	a	kannibalisch	duden_synonym
brutal	a	lächerlich	duden_synonym
brutal	a	widerlich	duden_synonym
brutal	a	biestig	duden_synonym
brutal	a	infam	duden_synonym
brutal	a	schauderhaft	duden_synonym
brutal	a	schauerlich	duden_synonym
brutal	a	bannig	duden_synonym
brutal	a	gar	duden_synonym
brutal	a	damisch	duden_synonym
brutal	a	sakrisch	duden_synonym
brutal	a	aasig	duden_synonym
brutal	a	arg	duden_synonym
brutal	a	höchlich	duden_synonym
brutal	a	rechtschaffen	duden_synonym
brutal	a	weidlich	duden_synonym
brutal	a	famos	duden_synonym
brutal	a	heiß	duden_synonym
brutal	a	klasse	duden_synonym
brutal	a	mega	duden_synonym
brutal	a	scharf	duden_synonym
brutal	a	stark	duden_synonym
brutal	a	super	duden_synonym
brutal	a	toll	duden_synonym
brutal	a	cool	duden_synonym
brutal	a	geil	duden_synonym
brutal	a	fett	duden_synonym
Bunker	n	Container	duden_synonym
Bunker	n	Tank	duden_synonym
Bunker	n	Atombunker	duden_synonym
Bunker	n	Luftschutzbunker	duden_synonym
Bunker	n	Luftschutzkeller	duden_synonym
Bunker	n	Luftschutzraum	duden_synonym
Bunker	n	Schutzbau	duden_synonym
Bunker	n	Schutzraum	duden_synonym
Bunker	n	Unterstand	duden_synonym
Bunker	n	Heldenkeller	duden_synonym
Chronologie	n	Abfolge	duden_synonym
Chronologie	n	Ablauf	duden_synonym
Chronologie	n	Folge	duden_synonym
Chronologie	n	Hergang	duden_synonym
Chronologie	n	Verlauf	duden_synonym
Chronologie	n	Sequenz	duden_synonym
Chronologie	n	Kalender	duden_synonym
Chronologie	n	Zeitrechnung	duden_synonym
deckeln	v	begrenzen	duden_synonym
deckeln	v	dezimieren	duden_synonym
deckeln	v	limitieren	duden_synonym
deckeln	v	rügen	duden_synonym
deckeln	v	zurechtweisen	duden_synonym
Defekt	n	Beschädigung	duden_synonym
Defekt	n	Fehler	duden_synonym
Defekt	n	Lädierung	duden_synonym
Defekt	n	Macke	duden_synonym
Defekt	n	Mangel	duden_synonym
Defekt	n	Schaden	duden_synonym
Defekt	n	Makel	duden_synonym
demobilisieren	v	abrüsten	duden_synonym
demobilisieren	v	entmilitarisieren	duden_synonym
demobilisieren	v	entmobilisieren	duden_synonym
demobilisieren	v	entwaffnen	duden_synonym
Diktatur	n	Despotie	duden_synonym
Diktatur	n	Despotismus	duden_synonym
Diktatur	n	Gewaltherrschaft	duden_synonym
Diktatur	n	Schreckensherrschaft	duden_synonym
Diktatur	n	Totalitarismus	duden_synonym
Diktatur	n	Tyrannei	duden_synonym
Diktatur	n	Willkürherrschaft	duden_synonym
Diktatur	n	Zwangsherrschaft	duden_synonym
Diktatur	n	Alleinherrschaft	duden_synonym
Diktatur	n	Eigenmächtigkeit	duden_synonym
Diktatur	n	Herrschsucht	duden_synonym
Diktatur	n	Willkür	duden_synonym
Diktatur	n	Autoritarismus	duden_synonym
Diktatur	n	Tyrannei	duden_synonym
Distrikt	n	Areal	duden_synonym
Distrikt	n	Bereich	duden_synonym
Distrikt	n	Bezirk	duden_synonym
Distrikt	n	Fläche	duden_synonym
Distrikt	n	Gebiet	duden_synonym
Distrikt	n	Gegend	duden_synonym
Distrikt	n	Gelände	duden_synonym
Distrikt	n	Kreis	duden_synonym
Distrikt	n	Landstrich	duden_synonym
Distrikt	n	Provinz	duden_synonym
Distrikt	n	Raum	duden_synonym
Distrikt	n	Region	duden_synonym
Distrikt	n	Sektor	duden_synonym
Distrikt	n	Sprengel	duden_synonym
Distrikt	n	Terrain	duden_synonym
Distrikt	n	Zone	duden_synonym
drillen	v	schinden	duden_synonym
drillen	v	bimsen	duden_synonym
drillen	v	schleifen	duden_synonym
drillen	v	trainieren	duden_synonym
drillen	v	stählen	duden_synonym
drillen	v	bimsen	duden_synonym
drillen	v	trimmen	duden_synonym
duplizieren	v	verdoppeln	duden_synonym
duplizieren	v	doppeln	duden_synonym
duplizieren	v	dualisieren	duden_synonym
duplizieren	v	verzweifachen	duden_synonym
duplizieren	v	duplieren	duden_synonym
duplizieren	v	redublieren	duden_synonym
duplizieren	v	geminieren	duden_synonym
dynamisieren	v	anpassen	duden_synonym
dynamisieren	v	vorantreiben	duden_synonym
dünnhäutig	a	empfindlich	duden_synonym
dünnhäutig	a	mimosenhaft	duden_synonym
dünnhäutig	a	sensitiv	duden_synonym
dünnhäutig	a	überempfindlich	duden_synonym
dünnhäutig	a	verletzlich	duden_synonym
dünnhäutig	a	verwundbar	duden_synonym
dünnhäutig	a	weichlich	duden_synonym
dünnhäutig	a	zartbesaitet	duden_synonym
dünnhäutig	a	zimperlich	duden_synonym
eindringen	v	einmarschieren	duden_synonym
eindringen	v	einrücken	duden_synonym
eindringen	v	einsteigen	duden_synonym
eindringen	v	einziehen	duden_synonym
eindringen	v	hereinkommen	duden_synonym
eindringen	v	hineingelangen	duden_synonym
eindringen	v	penetrieren	duden_synonym
eindringen	v	infiltrieren	duden_synonym
eindringen	v	diffundieren	duden_synonym
eindringen	v	intrudieren	duden_synonym
eindringen	v	intromittieren	duden_synonym
eindringen	v	angreifen	duden_synonym
eindringen	v	einbrechen	duden_synonym
eindringen	v	einfallen	duden_synonym
eindringen	v	überfallen	duden_synonym
eindringen	v	bedrängen	duden_synonym
eindringen	v	bedrohen	duden_synonym
eindringen	v	zusetzen	duden_synonym
eindringen	v	erforschen	duden_synonym
eindringen	v	ergründen	duden_synonym
eindringen	v	erkunden	duden_synonym
eindringen	v	forschen	duden_synonym
eindringen	v	studieren	duden_synonym
eindringen	v	untersuchen	duden_synonym
Entdecker	n	Begründer	duden_synonym
Entdecker	n	Begründerin	duden_synonym
Entdecker	n	Erfinder	duden_synonym
Entdecker	n	Erfinderin	duden_synonym
Entdecker	n	Schöpferin	duden_synonym
Entdecker	n	Urheber	duden_synonym
Entdecker	n	Urheberin	duden_synonym
entlohnen,	?	auszahlen	duden_synonym
entlohnen,	?	besolden	duden_synonym
entlohnen,	?	bezahlen	duden_synonym
entlohnen,	?	honorieren	duden_synonym
entlohnen,	?	löhnen	duden_synonym
entlohnen,	?	entlöhnen	duden_synonym
entlohnen,	?	salarieren	duden_synonym
entlohnen,	?	zahlen	duden_synonym
entlohnen,	?	ausbezahlen	duden_synonym
entlohnen,	?	ablohnen	duden_synonym
entlohnen,	?	bezahlen	duden_synonym
entlohnen,	?	honorieren	duden_synonym
entlohnen,	?	klarmachen	duden_synonym
entlohnen,	?	spendieren	duden_synonym
entlohnen,	?	zahlen	duden_synonym
entlohnen,	?	vergüten	duden_synonym
Erleichterung	n	Befreiung	duden_synonym
Erleichterung	n	Beruhigung	duden_synonym
Erleichterung	n	Entkrampfung	duden_synonym
Erleichterung	n	Entlastung	duden_synonym
Erleichterung	n	Entschärfung	duden_synonym
Erleichterung	n	Entspannung	duden_synonym
Erleichterung	n	Erholung	duden_synonym
Erleichterung	n	Erlösung	duden_synonym
Erleichterung	n	Lockerung	duden_synonym
Erleichterung	n	Lösung	duden_synonym
Erleichterung	n	Ruhe	duden_synonym
erlöschen	v	abblenden	duden_synonym
erlöschen	v	ausgehen	duden_synonym
erlöschen	v	verlöschen	duden_synonym
erlöschen	v	zusammensinken	duden_synonym
erlöschen	v	auslöschen	duden_synonym
erlöschen	v	verhauchen	duden_synonym
erlöschen	v	löschen	duden_synonym
erlöschen	v	abebben	duden_synonym
erlöschen	v	abflauen	duden_synonym
erlöschen	v	abklingen	duden_synonym
erlöschen	v	abnehmen	duden_synonym
erlöschen	v	absinken	duden_synonym
erlöschen	v	einschlafen	duden_synonym
erlöschen	v	erkalten	duden_synonym
erlöschen	v	nachlassen	duden_synonym
erlöschen	v	sinken	duden_synonym
erlöschen	v	verbleichen	duden_synonym
erlöschen	v	vergehen	duden_synonym
erlöschen	v	versanden	duden_synonym
erlöschen	v	zurückgehen	duden_synonym
erlöschen	v	auslöschen	duden_synonym
erlöschen	v	dahinschwinden	duden_synonym
erlöschen	v	ebben	duden_synonym
erlöschen	v	erlahmen	duden_synonym
erlöschen	v	ersterben	duden_synonym
erlöschen	v	schwinden	duden_synonym
erlöschen	v	verblassen	duden_synonym
erlöschen	v	verdämmern	duden_synonym
erlöschen	v	verebben	duden_synonym
erlöschen	v	versiegen	duden_synonym
erlöschen	v	einschlummern	duden_synonym
erlöschen	v	aussterben	duden_synonym
erlöschen	v	untergehen	duden_synonym
erlöschen	v	verschwinden	duden_synonym
erlöschen	v	zugrunde gehen	duden_synonym
erlöschen	v	aufhören	duden_synonym
erlöschen	v	auslaufen	duden_synonym
erlöschen	v	enden	duden_synonym
erlöschen	v	zum Erliegen kommen	duden_synonym
ernennen	v	berufen	duden_synonym
ernennen	v	bestellen	duden_synonym
ernennen	v	bestimmen	duden_synonym
ernennen	v	einsetzen	duden_synonym
ernennen	v	rufen	duden_synonym
ernennen	v	verpflichten	duden_synonym
ernennen	v	designieren	duden_synonym
ernennen	v	denominieren	duden_synonym
ernennen	v	bestallen	duden_synonym
Erschießung	n	Abschuss	duden_synonym
exaltiert	a	fieberhaft	duden_synonym
exaltiert	a	fiebrig	duden_synonym
exaltiert	a	hektisch	duden_synonym
exaltiert	a	hysterisch	duden_synonym
exaltiert	a	künstlich	duden_synonym
exaltiert	a	unnatürlich	duden_synonym
exaltiert	a	affektiert	duden_synonym
exaltiert	a	echauffiert	duden_synonym
exaltiert	a	theatralisch	duden_synonym
exaltiert	a	überdreht	duden_synonym
exaltiert	a	überkandidelt	duden_synonym
exaltiert	a	gekünstelt	duden_synonym
exaltiert	a	bizarr	duden_synonym
exaltiert	a	extravagant	duden_synonym
exaltiert	a	schrill	duden_synonym
exaltiert	a	spleenig	duden_synonym
exaltiert	a	überspannt	duden_synonym
exaltiert	a	wunderlich	duden_synonym
exaltiert	a	exzentrisch	duden_synonym
exaltiert	a	skurril	duden_synonym
exaltiert	a	abgedreht	duden_synonym
exaltiert	a	durchgeknallt	duden_synonym
exaltiert	a	schrullenhaft	duden_synonym
exaltiert	a	schrullig	duden_synonym
exaltiert	a	überdreht	duden_synonym
exaltiert	a	überkandidelt	duden_synonym
exaltiert	a	verrückt	duden_synonym
exaltiert	a	gschupft	duden_synonym
exaltiert	a	verschroben	duden_synonym
exaltiert	a	verdreht	duden_synonym
exaltiert	a	spinnert	duden_synonym
exaltiert	a	überspönig	duden_synonym
explodieren	v	detonieren	duden_synonym
explodieren	v	krepieren	duden_synonym
explodieren	v	losgehen	duden_synonym
explodieren	v	platzen	duden_synonym
explodieren	v	zerbersten	duden_synonym
explodieren	v	zerplatzen	duden_synonym
explodieren	v	bersten	duden_synonym
explodieren	v	hochgehen	duden_synonym
explodieren	v	auffliegen	duden_synonym
explodieren	v	aufbrausen	duden_synonym
explodieren	v	auffahren	duden_synonym
explodieren	v	aufschäumen	duden_synonym
explodieren	v	hochfahren	duden_synonym
explodieren	v	losfahren	duden_synonym
explodieren	v	platzen	duden_synonym
explodieren	v	rasen	duden_synonym
explodieren	v	schäumen	duden_synonym
explodieren	v	ausflippen	duden_synonym
explodieren	v	ausrasten	duden_synonym
explodieren	v	hochgehen	duden_synonym
explodieren	v	kochen	duden_synonym
explodieren	v	aufdrehen	duden_synonym
extern	a	frei	duden_synonym
extern	a	auswärtig	duden_synonym
extern	a	fremd	duden_synonym
Farm	n	Agrarbetrieb	duden_synonym
Farm	n	Bauerngut	duden_synonym
Farm	n	Bauernhof	duden_synonym
Farm	n	Gehöft	duden_synonym
Farm	n	Gut	duden_synonym
Farm	n	Gutshof	duden_synonym
Farm	n	Hazienda	duden_synonym
Farm	n	Hof	duden_synonym
Farm	n	Landgut	duden_synonym
Farm	n	Landwirtschaft	duden_synonym
Farm	n	Plantage	duden_synonym
Farm	n	Ranch	duden_synonym
Farm	n	Wirtschaftshof	duden_synonym
Farm	n	Gewerbe	duden_synonym
Farm	n	Heimen	duden_synonym
Farm	n	Heimet	duden_synonym
Farm	n	Hofreite	duden_synonym
Farm	n	Ökonomie	duden_synonym
fegen	v	reinigen	duden_synonym
fegen	v	sauber machen	duden_synonym
fegen	v	säubern	duden_synonym
fegen	v	wischen	duden_synonym
fegen	v	ulen	duden_synonym
fegen	v	abfegen	duden_synonym
fegen	v	fortfegen	duden_synonym
fegen	v	wegfegen	duden_synonym
fegen	v	wegkehren	duden_synonym
fegen	v	jagen	duden_synonym
fegen	v	treiben	duden_synonym
fegen	v	brausen	duden_synonym
fegen	v	dahinstürmen	duden_synonym
fegen	v	eilen	duden_synonym
fegen	v	jagen	duden_synonym
fegen	v	laufen	duden_synonym
fegen	v	preschen	duden_synonym
fegen	v	rennen	duden_synonym
fegen	v	sausen	duden_synonym
fegen	v	schießen	duden_synonym
fegen	v	springen	duden_synonym
fegen	v	stürmen	duden_synonym
fegen	v	fliegen	duden_synonym
fegen	v	hasten	duden_synonym
fegen	v	stieben	duden_synonym
fegen	v	düsen	duden_synonym
fegen	v	flitzen	duden_synonym
fegen	v	pesen	duden_synonym
fegen	v	rasen	duden_synonym
fegen	v	sprinten	duden_synonym
fegen	v	spritzen	duden_synonym
fegen	v	spurten	duden_synonym
fegen	v	wetzen	duden_synonym
fegen	v	zischen	duden_synonym
fesselnd	a	abenteuerlich	duden_synonym
fesselnd	a	aufregend	duden_synonym
fesselnd	a	bewegend	duden_synonym
fesselnd	a	dramatisch	duden_synonym
fesselnd	a	ereignisreich	duden_synonym
fesselnd	a	erlebnisreich	duden_synonym
fesselnd	a	erregend	duden_synonym
fesselnd	a	faszinierend	duden_synonym
fesselnd	a	interessant	duden_synonym
fesselnd	a	lebendig	duden_synonym
fesselnd	a	mitreißend	duden_synonym
fesselnd	a	packend	duden_synonym
fesselnd	a	spannend	duden_synonym
fesselnd	a	spannungsgeladen	duden_synonym
fesselnd	a	spannungsreich	duden_synonym
fesselnd	a	spannungsvoll	duden_synonym
fesselnd	a	anziehend	duden_synonym
fesselnd	a	atemberaubend	duden_synonym
fesselnd	a	attraktiv	duden_synonym
fesselnd	a	aufregend	duden_synonym
fesselnd	a	bezaubernd	duden_synonym
fesselnd	a	erregend	duden_synonym
fesselnd	a	faszinierend	duden_synonym
fesselnd	a	gewinnend	duden_synonym
fesselnd	a	hinreißend	duden_synonym
fesselnd	a	prickelnd	duden_synonym
fesselnd	a	reizvoll	duden_synonym
fesselnd	a	spannend	duden_synonym
fesselnd	a	verführerisch	duden_synonym
fesselnd	a	berückend	duden_synonym
fesselnd	a	betörend	duden_synonym
fesselnd	a	toll	duden_synonym
fesselnd	a	umwerfend	duden_synonym
fundieren	v	absichern	duden_synonym
fundieren	v	begründen	duden_synonym
fundieren	v	bekräftigen	duden_synonym
fundieren	v	belegen	duden_synonym
fundieren	v	bestärken	duden_synonym
fundieren	v	erhärten	duden_synonym
fundieren	v	festigen	duden_synonym
fundieren	v	gründen	duden_synonym
fundieren	v	motivieren	duden_synonym
fundieren	v	sichern	duden_synonym
fundieren	v	stabilisieren	duden_synonym
fundieren	v	stärken	duden_synonym
fundieren	v	stützen	duden_synonym
fundieren	v	untermauern	duden_synonym
fundieren	v	unterstützen	duden_synonym
fundieren	v	vertiefen	duden_synonym
fundieren	v	konsolidieren	duden_synonym
fundieren	v	legitimieren	duden_synonym
fundieren	v	substanziieren	duden_synonym
fundieren	v	zementieren	duden_synonym
fundieren	v	verbriefen	duden_synonym
Garnison	n	Kaserne	duden_synonym
Garnison	n	Truppenunterkunft	duden_synonym
Garnison	n	Kantonnement	duden_synonym
Garnison	n	Division	duden_synonym
Garnison	n	Formation	duden_synonym
Garnison	n	Truppe	duden_synonym
Garnison	n	Truppeneinheit	duden_synonym
Garnison	n	Abteilung	duden_synonym
Garnison	n	Bataillon	duden_synonym
Garnison	n	Kompanie	duden_synonym
Garnison	n	Regiment	duden_synonym
Garnison	n	Verband	duden_synonym
Garnison	n	Einheit	duden_synonym
gedeihen	v	geraten	duden_synonym
gedeihen	v	erblühen	duden_synonym
gedeihen	v	blühen	duden_synonym
gedeihen	v	florieren	duden_synonym
gedeihen	v	fortschreiten	duden_synonym
gedeihen	v	geraten	duden_synonym
gedeihen	v	gut gehen	duden_synonym
gedeihen	v	vorangehen	duden_synonym
gedeihen	v	vorankommen	duden_synonym
gedeihen	v	vorwärtskommen	duden_synonym
gedeihen	v	weitergehen	duden_synonym
gedeihen	v	weiterkommen	duden_synonym
gedeihen	v	weiterschreiten	duden_synonym
gedeihen	v	voranschreiten	duden_synonym
gedeihen	v	vorwärtsgehen	duden_synonym
gedeihen	v	prosperieren	duden_synonym
grüblerisch	a	nachdenklich	duden_synonym
grüblerisch	a	philosophisch	duden_synonym
humorvoll	a	amüsant	duden_synonym
humorvoll	a	ergötzlich	duden_synonym
humorvoll	a	fröhlich	duden_synonym
humorvoll	a	humoristisch	duden_synonym
humorvoll	a	komisch	duden_synonym
humorvoll	a	lebenslustig	duden_synonym
humorvoll	a	lustig	duden_synonym
humorvoll	a	scherzhaft	duden_synonym
humorvoll	a	spaßig	duden_synonym
humorvoll	a	witzig	duden_synonym
hüten	v	achtgeben	duden_synonym
hüten	v	aufpassen	duden_synonym
hüten	v	sich in Acht nehmen	duden_synonym
hüten	v	achten	duden_synonym
hüten	v	achtgeben	duden_synonym
hüten	v	aufpassen	duden_synonym
hüten	v	sehen	duden_synonym
hüten	v	wachen	duden_synonym
hüten	v	achthaben	duden_synonym
hüten	v	schauen	duden_synonym
hüten	v	passen	duden_synonym
hüten	v	weiden	duden_synonym
hüten	v	halten	duden_synonym
inakzeptabel	a	unannehmbar	duden_synonym
inakzeptabel	a	untauglich	duden_synonym
jäten	v	ausgrasen	duden_synonym
jäten	v	ausjäten	duden_synonym
jäten	v	ausreißen	duden_synonym
jäten	v	wieten	duden_synonym
kameradschaftlich	a	brüderlich	duden_synonym
kameradschaftlich	a	einig	duden_synonym
kameradschaftlich	a	einträchtig	duden_synonym
kameradschaftlich	a	freundschaftlich	duden_synonym
kameradschaftlich	a	harmonisch	duden_synonym
kameradschaftlich	a	kollegial	duden_synonym
kameradschaftlich	a	partnerschaftlich	duden_synonym
kameradschaftlich	a	schwesterlich	duden_synonym
kameradschaftlich	a	kumpelhaft	duden_synonym
kameradschaftlich	a	anständig	duden_synonym
kameradschaftlich	a	ehrenhaft	duden_synonym
kameradschaftlich	a	ehrlich	duden_synonym
kameradschaftlich	a	gerecht	duden_synonym
kameradschaftlich	a	korrekt	duden_synonym
kameradschaftlich	a	legitim	duden_synonym
kameradschaftlich	a	ordentlich	duden_synonym
kameradschaftlich	a	redlich	duden_synonym
kameradschaftlich	a	regulär	duden_synonym
kameradschaftlich	a	ritterlich	duden_synonym
kameradschaftlich	a	sauber	duden_synonym
kameradschaftlich	a	untadelig	duden_synonym
kameradschaftlich	a	lauter	duden_synonym
kameradschaftlich	a	schicklich	duden_synonym
kameradschaftlich	a	solidarisch	duden_synonym
kameradschaftlich	a	gebührlich	duden_synonym
kameradschaftlich	a	rechtschaffen	duden_synonym
katalysieren	v	beeinflussen	duden_synonym
koalieren	v	zusammengehen	duden_synonym
koalieren	v	konföderieren	duden_synonym
koalieren	v	paktieren	duden_synonym
konstruktiv	a	aufbauend	duden_synonym
konstruktiv	a	brauchbar	duden_synonym
konstruktiv	a	förderlich	duden_synonym
konstruktiv	a	fruchtbar	duden_synonym
konstruktiv	a	nutzbringend	duden_synonym
konstruktiv	a	nützlich	duden_synonym
konstruktiv	a	produktiv	duden_synonym
konstruktiv	a	schöpferisch	duden_synonym
konstruktiv	a	tauglich	duden_synonym
konstruktiv	a	wertvoll	duden_synonym
konstruktiv	a	wirksam	duden_synonym
konstruktiv	a	ersprießlich	duden_synonym
konstruktiv	a	gedeihlich	duden_synonym
konstruktiv	a	hilfreich	duden_synonym
konstruktiv	a	sachdienlich	duden_synonym
konstruktiv	a	zweckdienlich	duden_synonym
Korrektur	n	Berichtigung	duden_synonym
Korrektur	n	Revision	duden_synonym
Korrektur	n	Richtigstellung	duden_synonym
Korrektur	n	Verbesserung	duden_synonym
Korrektur	n	Emendation	duden_synonym
Korrektur	n	Korrektion	duden_synonym
Korrektur	n	Abänderung	duden_synonym
Korrektur	n	Abwandlung	duden_synonym
Korrektur	n	Änderung	duden_synonym
Korrektur	n	Revision	duden_synonym
Korrektur	n	Umänderung	duden_synonym
Korrektur	n	Umformung	duden_synonym
Korrektur	n	Veränderung	duden_synonym
Korrektur	n	Modifikation	duden_synonym
Korrektur	n	Modifizierung	duden_synonym
korrespondieren	v	eins sein	duden_synonym
korrespondieren	v	entsprechen	duden_synonym
korrespondieren	v	gleichen	duden_synonym
korrespondieren	v	gleichkommen	duden_synonym
korrespondieren	v	konform gehen	duden_synonym
korrespondieren	v	übereinstimmen	duden_synonym
korrespondieren	v	zusammenfallen	duden_synonym
korrespondieren	v	zusammenpassen	duden_synonym
korrespondieren	v	kongruieren	duden_synonym
korrespondieren	v	konvergieren	duden_synonym
Krieg	n	Fehde	duden_synonym
Krieg	n	Gefecht	duden_synonym
Krieg	n	Schlacht	duden_synonym
Krieg	n	Feldzug	duden_synonym
Krieg	n	Orlog	duden_synonym
kryptisch	a	rätselhaft	duden_synonym
kryptisch	a	unverständlich	duden_synonym
Kürzel	n	Abkürzungszeichen	duden_synonym
Kürzel	n	Sigel	duden_synonym
Kürzel	n	Abkürzung	duden_synonym
Kürzel	n	Verkürzung	duden_synonym
Kürzel	n	Abbreviatur	duden_synonym
Kürzel	n	Abbreviation	duden_synonym
Kürzel	n	Kurzwort	duden_synonym
laben	v	genießen	duden_synonym
laben	v	konsumieren	duden_synonym
laben	v	schwelgen	duden_synonym
laben	v	zusprechen	duden_synonym
laben	v	verkonsumieren	duden_synonym
laben	v	beleben	duden_synonym
laben	v	erfrischen	duden_synonym
laben	v	munter machen	duden_synonym
laben	v	stärken	duden_synonym
laben	v	wohltun	duden_synonym
laben	v	erquicken	duden_synonym
laben	v	vitalisieren	duden_synonym
laben	v	aufmöbeln	duden_synonym
laben	v	erlaben	duden_synonym
lancieren	v	begünstigen	duden_synonym
lancieren	v	eintreten	duden_synonym
lancieren	v	fördern	duden_synonym
lancieren	v	helfen	duden_synonym
lancieren	v	managen	duden_synonym
lancieren	v	sponsern	duden_synonym
lancieren	v	unterstützen	duden_synonym
lancieren	v	vorwärtsbringen	duden_synonym
lancieren	v	weiterbringen	duden_synonym
lancieren	v	favorisieren	duden_synonym
lancieren	v	protegieren	duden_synonym
lancieren	v	machen	duden_synonym
lancieren	v	aufbauen	duden_synonym
lancieren	v	bekannt machen	duden_synonym
lancieren	v	einführen	duden_synonym
lancieren	v	fördern	duden_synonym
lancieren	v	herausbringen	duden_synonym
lancieren	v	verbreiten	duden_synonym
lancieren	v	rausbringen	duden_synonym
lancieren	v	powern	duden_synonym
langjährig	a	alt	duden_synonym
langjährig	a	anhaltend	duden_synonym
langjährig	a	ausdauernd	duden_synonym
langjährig	a	beständig	duden_synonym
langjährig	a	dauerhaft	duden_synonym
langjährig	a	fortgesetzt	duden_synonym
langjährig	a	fortlaufend	duden_synonym
langjährig	a	fortwährend	duden_synonym
langjährig	a	jahrelang	duden_synonym
langjährig	a	kontinuierlich	duden_synonym
langjährig	a	längerfristig	duden_synonym
langjährig	a	langfristig	duden_synonym
langjährig	a	mehrjährig	duden_synonym
langjährig	a	stetig	duden_synonym
langjährig	a	treu	duden_synonym
langjährig	a	vieljährig	duden_synonym
lecken	v	ablecken	duden_synonym
lecken	v	lutschen	duden_synonym
lecken	v	schlabbern	duden_synonym
lecken	v	zuzeln	duden_synonym
lecken	v	abschlecken	duden_synonym
lecken	v	schlecken	duden_synonym
lecken	v	schleckern	duden_synonym
legitimieren	v	beglaubigen	duden_synonym
legitimieren	v	gutheißen	duden_synonym
legitimieren	v	zulassen	duden_synonym
legitimieren	v	konzedieren	duden_synonym
legitimieren	v	legalisieren	duden_synonym
legitimieren	v	sanktionieren	duden_synonym
legitimieren	v	absegnen	duden_synonym
legitimieren	v	stattgeben	duden_synonym
legitimieren	v	befugen	duden_synonym
legitimieren	v	berechtigen	duden_synonym
legitimieren	v	bevollmächtigen	duden_synonym
legitimieren	v	ermächtigen	duden_synonym
legitimieren	v	autorisieren	duden_synonym
legitimieren	v	akkreditieren	duden_synonym
legitimieren	v	mandatieren	duden_synonym
legitimieren	v	begründen	duden_synonym
legitimieren	v	belegen	duden_synonym
legitimieren	v	rechtfertigen	duden_synonym
legitimieren	v	fundieren	duden_synonym
legitimieren	v	substanziieren	duden_synonym
legitimieren	v	verbriefen	duden_synonym
leimen	v	kitten	duden_synonym
leimen	v	kleben	duden_synonym
leimen	v	verleimen	duden_synonym
leimen	v	zusammenkleben	duden_synonym
leimen	v	zusammenleimen	duden_synonym
leimen	v	kleistern	duden_synonym
leimen	v	zusammenkleistern	duden_synonym
leimen	v	anbringen	duden_synonym
leimen	v	ankleben	duden_synonym
leimen	v	anleimen	duden_synonym
leimen	v	befestigen	duden_synonym
leimen	v	festkleben	duden_synonym
leimen	v	anklatschen	duden_synonym
leimen	v	ankleistern	duden_synonym
leimen	v	backen	duden_synonym
leimen	v	kleiben	duden_synonym
leimen	v	anpicken	duden_synonym
leimen	v	betrügen	duden_synonym
leimen	v	einseifen	duden_synonym
leimen	v	einwickeln	duden_synonym
leimen	v	hintergehen	duden_synonym
leimen	v	irreführen	duden_synonym
leimen	v	täuschen	duden_synonym
leimen	v	überlisten	duden_synonym
leimen	v	übertölpeln	duden_synonym
leimen	v	übervorteilen	duden_synonym
leimen	v	betakeln	duden_synonym
leimen	v	anleimen	duden_synonym
leimen	v	austricksen	duden_synonym
leimen	v	belackmeiern	duden_synonym
leimen	v	beschummeln	duden_synonym
leimen	v	hereinlegen	duden_synonym
leimen	v	hochnehmen	duden_synonym
leimen	v	linken	duden_synonym
leimen	v	reinlegen	duden_synonym
leimen	v	verladen	duden_synonym
leimen	v	verschaukeln	duden_synonym
leimen	v	einkochen	duden_synonym
leimen	v	anschmieren	duden_synonym
leimen	v	bescheißen	duden_synonym
Lieferung	n	Abgabe	duden_synonym
Lieferung	n	Anlieferung	duden_synonym
Lieferung	n	Ausgabe	duden_synonym
Lieferung	n	Aushändigung	duden_synonym
Lieferung	n	Auslieferung	duden_synonym
Lieferung	n	Belieferung	duden_synonym
Lieferung	n	Einhändigung	duden_synonym
Lieferung	n	Herausgabe	duden_synonym
Lieferung	n	Übergabe	duden_synonym
Lieferung	n	Versand	duden_synonym
Lieferung	n	Zulieferung	duden_synonym
Lieferung	n	Zustellung	duden_synonym
Lieferung	n	Überbringung	duden_synonym
Lieferung	n	Ladung	duden_synonym
Lieferung	n	Sendung	duden_synonym
Lieferung	n	Transport	duden_synonym
Lieferung	n	Versandgut	duden_synonym
löten	v	anlöten	duden_synonym
löten	v	auflöten	duden_synonym
löten	v	einlöten	duden_synonym
löten	v	hartlöten	duden_synonym
löten	v	verbinden	duden_synonym
löten	v	verschweißen	duden_synonym
löten	v	zulöten	duden_synonym
löten	v	zusammenschweißen	duden_synonym
löten	v	verlöten	duden_synonym
mahlen	v	mörsern	duden_synonym
mahlen	v	pulverisieren	duden_synonym
mahlen	v	schroten	duden_synonym
mahlen	v	zerkleinern	duden_synonym
mahlen	v	zermahlen	duden_synonym
mahlen	v	zerreiben	duden_synonym
mahlen	v	zerschroten	duden_synonym
mahlen	v	zerstampfen	duden_synonym
mahlen	v	zerstoßen	duden_synonym
mahlen	v	malmen	duden_synonym
mahlen	v	granulieren	duden_synonym
mahlen	v	ausmahlen	duden_synonym
mahlen	v	vermahlen	duden_synonym
mehrfarbig	a	bunt	duden_synonym
mehrfarbig	a	farbig	duden_synonym
mehrfarbig	a	kunterbunt	duden_synonym
mehrfarbig	a	polychrom	duden_synonym
Meisterin	n	Prinzipal	duden_synonym
Meisterin	n	Prinzipalin	duden_synonym
Meisterin	n	Alter	duden_synonym
Meisterin	n	Alte	duden_synonym
Meisterin	n	Lehrmeister	duden_synonym
Meisterin	n	Lehrherr	duden_synonym
Meisterin	n	Autorität	duden_synonym
Meisterin	n	Experte	duden_synonym
Meisterin	n	Expertin	duden_synonym
Meisterin	n	Fachgröße	duden_synonym
Meisterin	n	Fachkraft	duden_synonym
Meisterin	n	Fachmann	duden_synonym
Meisterin	n	Fachfrau	duden_synonym
Meisterin	n	Kapazität	duden_synonym
Meisterin	n	Kenner	duden_synonym
Meisterin	n	Kennerin	duden_synonym
Meisterin	n	Könner	duden_synonym
Meisterin	n	Könnerin	duden_synonym
Meisterin	n	Profi	duden_synonym
Meisterin	n	Sachkenner	duden_synonym
Meisterin	n	Sachkennerin	duden_synonym
Meisterin	n	Sachkundiger	duden_synonym
Meisterin	n	Sachkundige	duden_synonym
Meisterin	n	Sachverständiger	duden_synonym
Meisterin	n	Sachverständige	duden_synonym
Meisterin	n	Spezialist	duden_synonym
Meisterin	n	Spezialistin	duden_synonym
Meisterin	n	Koryphäe	duden_synonym
Meisterin	n	Ass	duden_synonym
Meisterin	n	Kanone	duden_synonym
Meisterin	n	Großmeister	duden_synonym
Meisterin	n	Großmeisterin	duden_synonym
Meisterin	n	Spitzenkönner	duden_synonym
Meisterin	n	Spitzenkönnerin	duden_synonym
Meisterin	n	Maestro	duden_synonym
Meisterin	n	Maestra	duden_synonym
Meisterin	n	Virtuose	duden_synonym
Meisterin	n	Virtuosin	duden_synonym
Meisterin	n	Gewinner	duden_synonym
Meisterin	n	Gewinnerin	duden_synonym
Meisterin	n	Sieger	duden_synonym
Meisterin	n	Siegerin	duden_synonym
Meisterin	n	Spitzensportler	duden_synonym
Meisterin	n	Spitzensportlerin	duden_synonym
Meisterin	n	Champion	duden_synonym
Meisterin	n	Crack	duden_synonym
mitgehen	v	begleiten	duden_synonym
mitgehen	v	mitkommen	duden_synonym
mitgehen	v	geleiten	duden_synonym
Monarch	n	Fürst	duden_synonym
Monarch	n	Fürstin	duden_synonym
Monarch	n	Hoheit	duden_synonym
Monarch	n	Kaiser	duden_synonym
Monarch	n	Kaiserin	duden_synonym
Monarch	n	König	duden_synonym
Monarch	n	Königin	duden_synonym
Monarch	n	Landesherr	duden_synonym
Monarch	n	Landesherrin	duden_synonym
Monarch	n	Regent	duden_synonym
Monarch	n	Regentin	duden_synonym
Monarch	n	gekröntes Haupt	duden_synonym
multilingual	a	mehrsprachig	duden_synonym
multilingual	a	polyglott	duden_synonym
multilingual	a	vielsprachig	duden_synonym
mutwillig	a	absichtlich	duden_synonym
mutwillig	a	absichtsvoll	duden_synonym
mutwillig	a	beabsichtigt	duden_synonym
mutwillig	a	bewusst	duden_synonym
mutwillig	a	gewollt	duden_synonym
mutwillig	a	vorsätzlich	duden_synonym
mutwillig	a	wissentlich	duden_synonym
mutwillig	a	willentlich	duden_synonym
mutwillig	a	extra	duden_synonym
mutwillig	a	nickelig	duden_synonym
mutwillig	a	bösgläubig	duden_synonym
mutwillig	a	böswillig	duden_synonym
mutwillig	a	leichtfertig	duden_synonym
mutwillig	a	leichtsinnig	duden_synonym
mutwillig	a	übermütig	duden_synonym
Mächtigkeit	n	Einfluss	duden_synonym
Mächtigkeit	n	Größe	duden_synonym
Mächtigkeit	n	Umfang	duden_synonym
nett	a	auffallend	duden_synonym
nett	a	ausgemacht	duden_synonym
nett	a	ausgesprochen	duden_synonym
nett	a	ausgesucht	duden_synonym
nett	a	außergewöhnlich	duden_synonym
nett	a	außerordentlich	duden_synonym
nett	a	äußerst	duden_synonym
nett	a	beachtlich	duden_synonym
nett	a	bedeutend	duden_synonym
nett	a	bemerkenswert	duden_synonym
nett	a	besonders	duden_synonym
nett	a	bitter	duden_synonym
nett	a	bitterlich	duden_synonym
nett	a	brennend	duden_synonym
nett	a	denkbar	duden_synonym
nett	a	empfindlich	duden_synonym
nett	a	erstaunlich	duden_synonym
nett	a	extrem	duden_synonym
nett	a	ganz	duden_synonym
nett	a	gehörig	duden_synonym
nett	a	grenzenlos	duden_synonym
nett	a	hell	duden_synonym
nett	a	hellauf	duden_synonym
nett	a	herzlich	duden_synonym
nett	a	hoch	duden_synonym
nett	a	höchst	duden_synonym
nett	a	hoffnungslos	duden_synonym
nett	a	leidenschaftlich	duden_synonym
nett	a	maßlos	duden_synonym
nett	a	peinlich	duden_synonym
nett	a	tief	duden_synonym
nett	a	übermäßig	duden_synonym
nett	a	unanständig	duden_synonym
nett	a	unaussprechlich	duden_synonym
nett	a	unbändig	duden_synonym
nett	a	unbeschreiblich	duden_synonym
nett	a	unerträglich	duden_synonym
nett	a	ungemein	duden_synonym
nett	a	ungewöhnlich	duden_synonym
nett	a	unmäßig	duden_synonym
nett	a	unsagbar	duden_synonym
nett	a	unübersehbar	duden_synonym
nett	a	unvergleichlich	duden_synonym
nett	a	abgründig	duden_synonym
nett	a	auserlesen	duden_synonym
nett	a	ausnehmend	duden_synonym
nett	a	namenlos	duden_synonym
nett	a	überaus	duden_synonym
nett	a	unermesslich	duden_synonym
nett	a	unsäglich	duden_synonym
nett	a	zuinnerst	duden_synonym
nett	a	eminent	duden_synonym
nett	a	infernalisch	duden_synonym
nett	a	abscheulich	duden_synonym
nett	a	bestialisch	duden_synonym
nett	a	böse	duden_synonym
nett	a	bullig	duden_synonym
nett	a	dick	duden_synonym
nett	a	ekelhaft	duden_synonym
nett	a	eklig	duden_synonym
nett	a	elend	duden_synonym
nett	a	enorm	duden_synonym
nett	a	entsetzlich	duden_synonym
nett	a	fabelhaft	duden_synonym
nett	a	furchtbar	duden_synonym
nett	a	fürchterlich	duden_synonym
nett	a	gemein	duden_synonym
nett	a	gewaltig	duden_synonym
nett	a	grässlich	duden_synonym
nett	a	grauenhaft	duden_synonym
nett	a	grauenvoll	duden_synonym
nett	a	gräulich	duden_synonym
nett	a	grausam	duden_synonym
nett	a	grausig	duden_synonym
nett	a	gründlich	duden_synonym
nett	a	himmlisch	duden_synonym
nett	a	höllisch	duden_synonym
nett	a	hübsch	duden_synonym
nett	a	knallig	duden_synonym
nett	a	königlich	duden_synonym
nett	a	mächtig	duden_synonym
nett	a	mörderisch	duden_synonym
nett	a	niederträchtig	duden_synonym
nett	a	ordentlich	duden_synonym
nett	a	rasend	duden_synonym
nett	a	reichlich	duden_synonym
nett	a	rettungslos	duden_synonym
nett	a	riesig	duden_synonym
nett	a	schandbar	duden_synonym
nett	a	schändlich	duden_synonym
nett	a	schlimm	duden_synonym
nett	a	schrecklich	duden_synonym
nett	a	sündhaft	duden_synonym
nett	a	teuflisch	duden_synonym
nett	a	toll	duden_synonym
nett	a	total	duden_synonym
nett	a	tüchtig	duden_synonym
nett	a	unglaublich	duden_synonym
nett	a	unheimlich	duden_synonym
nett	a	unsinnig	duden_synonym
nett	a	unsterblich	duden_synonym
nett	a	unwahrscheinlich	duden_synonym
nett	a	verdammt	duden_synonym
nett	a	verflixt	duden_synonym
nett	a	verrückt	duden_synonym
nett	a	voll	duden_synonym
nett	a	wahnsinnig	duden_synonym
nett	a	wunderbar	duden_synonym
nett	a	wundervoll	duden_synonym
nett	a	brutal	duden_synonym
nett	a	gottserbärmlich	duden_synonym
nett	a	hundserbärmlich	duden_synonym
nett	a	hundsmäßig	duden_synonym
nett	a	irre	duden_synonym
nett	a	irrsinnig	duden_synonym
nett	a	tierisch	duden_synonym
nett	a	verflucht	duden_synonym
nett	a	abgöttisch	duden_synonym
nett	a	barbarisch	duden_synonym
nett	a	erbärmlich	duden_synonym
nett	a	haushoch	duden_synonym
nett	a	jämmerlich	duden_synonym
nett	a	märchenhaft	duden_synonym
nett	a	unendlich	duden_synonym
nett	a	unvorstellbar	duden_synonym
nett	a	verzweifelt	duden_synonym
nett	a	zutiefst	duden_synonym
nett	a	tödlich	duden_synonym
nett	a	unerhört	duden_synonym
nett	a	ungeheuer	duden_synonym
nett	a	ungeheuerlich	duden_synonym
nett	a	kolossal	duden_synonym
nett	a	sagenhaft	duden_synonym
nett	a	scheußlich	duden_synonym
nett	a	unverschämt	duden_synonym
nett	a	verteufelt	duden_synonym
nett	a	mordsmäßig	duden_synonym
nett	a	unmenschlich	duden_synonym
nett	a	säuisch	duden_synonym
nett	a	kannibalisch	duden_synonym
nett	a	lächerlich	duden_synonym
nett	a	widerlich	duden_synonym
nett	a	biestig	duden_synonym
nett	a	infam	duden_synonym
nett	a	schauderhaft	duden_synonym
nett	a	schauerlich	duden_synonym
nett	a	bannig	duden_synonym
nett	a	gar	duden_synonym
nett	a	damisch	duden_synonym
nett	a	sakrisch	duden_synonym
nett	a	aasig	duden_synonym
nett	a	arg	duden_synonym
nett	a	höchlich	duden_synonym
nett	a	rechtschaffen	duden_synonym
nett	a	weidlich	duden_synonym
nett	a	angenehm	duden_synonym
nett	a	charming	duden_synonym
nett	a	einnehmend	duden_synonym
nett	a	freundlich	duden_synonym
nett	a	gewinnend	duden_synonym
nett	a	lieb	duden_synonym
nett	a	liebenswert	duden_synonym
nett	a	liebenswürdig	duden_synonym
nett	a	sympathisch	duden_synonym
nett	a	fesch	duden_synonym
nett	a	fein	duden_synonym
nett	a	gentil	duden_synonym
nett	a	allerliebst	duden_synonym
nett	a	ansprechend	duden_synonym
nett	a	bezaubernd	duden_synonym
nett	a	entzückend	duden_synonym
nett	a	gefällig	duden_synonym
nett	a	hübsch	duden_synonym
nett	a	reizend	duden_synonym
nett	a	reizvoll	duden_synonym
nett	a	zauberhaft	duden_synonym
nett	a	goldig	duden_synonym
nett	a	bildschön	duden_synonym
nett	a	wunderhübsch	duden_synonym
nett	a	artig	duden_synonym
nett	a	angenehm	duden_synonym
nett	a	behaglich	duden_synonym
nett	a	gemütlich	duden_synonym
nett	a	wohlig	duden_synonym
nett	a	ansehnlich	duden_synonym
nett	a	außerordentlich	duden_synonym
nett	a	beachtlich	duden_synonym
nett	a	beträchtlich	duden_synonym
nett	a	enorm	duden_synonym
nett	a	erheblich	duden_synonym
nett	a	gehörig	duden_synonym
nett	a	gewaltig	duden_synonym
nett	a	mächtig	duden_synonym
nett	a	stattlich	duden_synonym
nett	a	respektabel	duden_synonym
nett	a	erklecklich	duden_synonym
nett	a	anständig	duden_synonym
nett	a	deftig	duden_synonym
nett	a	hübsch	duden_synonym
nett	a	ordentlich	duden_synonym
nett	a	schön	duden_synonym
nett	a	kolossal	duden_synonym
offenbaren	v	anvertrauen	duden_synonym
offenbaren	v	aussprechen	duden_synonym
offenbaren	v	beichten	duden_synonym
offenbaren	v	bekannt machen	duden_synonym
offenbaren	v	bekennen	duden_synonym
offenbaren	v	eingestehen	duden_synonym
offenbaren	v	einräumen	duden_synonym
offenbaren	v	eröffnen	duden_synonym
offenbaren	v	gestehen	duden_synonym
offenbaren	v	mitteilen	duden_synonym
offenbaren	v	präsentieren	duden_synonym
offenbaren	v	zugeben	duden_synonym
offenbaren	v	aufschließen	duden_synonym
offenbaren	v	bekunden	duden_synonym
offenbaren	v	enthüllen	duden_synonym
offenbaren	v	dokumentieren	duden_synonym
offenbaren	v	manifestieren	duden_synonym
offenbaren	v	entdecken	duden_synonym
offenbaren	v	beurkunden	duden_synonym
offenbaren	v	einweihen	duden_synonym
optimieren	v	vervollkommnen	duden_synonym
optimieren	v	vollenden	duden_synonym
optimieren	v	optimalisieren	duden_synonym
optimieren	v	perfektionieren	duden_synonym
panikartig	a	fluchtartig	duden_synonym
panikartig	a	übereilt	duden_synonym
panikartig	a	überhastet	duden_synonym
panikartig	a	überstürzt	duden_synonym
panikartig	a	unüberlegt	duden_synonym
parteilos	a	neutral	duden_synonym
parteilos	a	objektiv	duden_synonym
parteilos	a	sachlich	duden_synonym
phlegmatisch	a	behäbig	duden_synonym
phlegmatisch	a	gleichgültig	duden_synonym
phlegmatisch	a	inaktiv	duden_synonym
phlegmatisch	a	passiv	duden_synonym
phlegmatisch	a	schwerfällig	duden_synonym
phlegmatisch	a	teilnahmslos	duden_synonym
phlegmatisch	a	träge	duden_synonym
phlegmatisch	a	unbeteiligt	duden_synonym
phlegmatisch	a	apathisch	duden_synonym
phlegmatisch	a	lethargisch	duden_synonym
phlegmatisch	a	bequem	duden_synonym
Plünderung	n	Brandschatzung	duden_synonym
Plünderung	n	Raub	duden_synonym
Plünderung	n	Ausräumung	duden_synonym
Plünderung	n	Eigentumsdelikt	duden_synonym
Plünderung	n	Eigentumsvergehen	duden_synonym
postulieren	v	beanspruchen	duden_synonym
postulieren	v	beharren	duden_synonym
postulieren	v	bestehen	duden_synonym
postulieren	v	dringen	duden_synonym
postulieren	v	einfordern	duden_synonym
postulieren	v	fordern	duden_synonym
postulieren	v	pochen	duden_synonym
postulieren	v	verlangen	duden_synonym
postulieren	v	heischen	duden_synonym
postulieren	v	insistieren	duden_synonym
postulieren	v	reklamieren	duden_synonym
ausgeliefert	?	hilflos	duden_synonym
ausgeliefert	?	ohnmächtig	duden_synonym
ausgeliefert	?	schutzlos	duden_synonym
Problem	n	Angelegenheit	duden_synonym
Problem	n	Aufgabe	duden_synonym
Problem	n	Fall	duden_synonym
Problem	n	Frage	duden_synonym
Problem	n	Problematik	duden_synonym
Problem	n	Punkt	duden_synonym
Problem	n	Sache	duden_synonym
Problem	n	Thema	duden_synonym
Problem	n	Ärger	duden_synonym
Problem	n	Erschwernis	duden_synonym
Problem	n	Erschwerung	duden_synonym
Problem	n	Komplikation	duden_synonym
Problem	n	Schwierigkeit	duden_synonym
Problem	n	Unannehmlichkeit	duden_synonym
Problem	n	Verwicklung	duden_synonym
Problem	n	Beschwernis	duden_synonym
Problem	n	Krux	duden_synonym
Problem	n	Anstand	duden_synonym
provisorisch	a	behelfsmäßig	duden_synonym
provisorisch	a	behelfsweise	duden_synonym
provisorisch	a	einstweilig	duden_synonym
provisorisch	a	notdürftig	duden_synonym
provisorisch	a	schlecht und recht	duden_synonym
provisorisch	a	unzulänglich	duden_synonym
provisorisch	a	vorläufig	duden_synonym
provisorisch	a	vorübergehend	duden_synonym
provisorisch	a	interimistisch	duden_synonym
provisorisch	a	subsidiär	duden_synonym
rasant	a	eilends	duden_synonym
rasant	a	eilig	duden_synonym
rasant	a	flugs	duden_synonym
rasant	a	kometenhaft	duden_synonym
rasant	a	pfeilschnell	duden_synonym
rasant	a	rasch	duden_synonym
rasant	a	schnell	duden_synonym
rasant	a	schnellstens	duden_synonym
rasant	a	sofort	duden_synonym
rasant	a	sogleich	duden_synonym
rasant	a	stürmisch	duden_synonym
rasant	a	umgehend	duden_synonym
rasant	a	unverzüglich	duden_synonym
rasant	a	zügig	duden_synonym
rasant	a	dalli	duden_synonym
rasant	a	flott	duden_synonym
rasant	a	ruck, zuck	duden_synonym
rasant	a	blitzschnell	duden_synonym
rasant	a	mit Siebenmeilenstiefeln	duden_synonym
rasant	a	rapid	duden_synonym
rasant	a	geschwind	duden_synonym
rasant	a	hurtig	duden_synonym
rasant	a	schick	duden_synonym
rasant	a	schnittig	duden_synonym
rasant	a	schwungvoll	duden_synonym
rasant	a	sportlich	duden_synonym
rasant	a	zackig	duden_synonym
religiös	a	geistlich	duden_synonym
religiös	a	kirchlich	duden_synonym
religiös	a	sakral	duden_synonym
religiös	a	theologisch	duden_synonym
religiös	a	spiritual	duden_synonym
religiös	a	spirituell	duden_synonym
religiös	a	klerikal	duden_synonym
religiös	a	fromm	duden_synonym
religiös	a	glaubensstark	duden_synonym
religiös	a	gläubig	duden_synonym
religiös	a	gottesfürchtig	duden_synonym
religiös	a	rechtgläubig	duden_synonym
religiös	a	glaubensvoll	duden_synonym
religiös	a	gottselig	duden_synonym
religiös	a	heilig	duden_synonym
religiös	a	frommherzig	duden_synonym
religiös	a	gottgläubig	duden_synonym
religiös	a	orthodox	duden_synonym
Rendite	n	Ertrag	duden_synonym
Rendite	n	Gewinn	duden_synonym
Rendite	n	Kapitalertrag	duden_synonym
Rendite	n	Profit	duden_synonym
Rezeption	n	Aufnahme	duden_synonym
Rezeption	n	Übernahme	duden_synonym
Rezeption	n	Anmeldung	duden_synonym
Rezeption	n	Aufnahme	duden_synonym
Rezeption	n	Empfang	duden_synonym
Rezeption	n	Empfangsbüro	duden_synonym
Rezeption	n	Empfangsraum	duden_synonym
Rezeption	n	Foyer	duden_synonym
Rivalität	n	Gegnerschaft	duden_synonym
Rivalität	n	Konkurrenz	duden_synonym
Rivalität	n	Nebenbuhlerschaft	duden_synonym
Rivalität	n	Wettstreit	duden_synonym
Rivalität	n	Wettbewerb	duden_synonym
schauspielerisch	a	mimisch	duden_synonym
schauspielerisch	a	darstellerisch	duden_synonym
schmettern	v	katapultieren	duden_synonym
schmettern	v	schleudern	duden_synonym
schmettern	v	werfen	duden_synonym
schmettern	v	ballern	duden_synonym
schmettern	v	donnern	duden_synonym
schmettern	v	feuern	duden_synonym
schmettern	v	knallen	duden_synonym
schmettern	v	pfeffern	duden_synonym
schmettern	v	schmeißen	duden_synonym
schmettern	v	hauen	duden_synonym
schmettern	v	aufklatschen	duden_synonym
schmettern	v	aufprallen	duden_synonym
schmettern	v	aufschlagen	duden_synonym
schmettern	v	auftreffen	duden_synonym
schmettern	v	prallen	duden_synonym
schmettern	v	schlagen	duden_synonym
schmettern	v	bumsen	duden_synonym
schmettern	v	knallen	duden_synonym
schmettern	v	plumpsen	duden_synonym
schmettern	v	rumsen	duden_synonym
schmettern	v	schießen	duden_synonym
schmettern	v	schlagen	duden_synonym
schmettern	v	stoßen	duden_synonym
schmettern	v	donnern	duden_synonym
schmettern	v	feuern	duden_synonym
schmettern	v	knallen	duden_synonym
schmettern	v	pfeffern	duden_synonym
schmettern	v	reinknallen	duden_synonym
schmettern	v	ballern	duden_synonym
schmettern	v	dröhnen	duden_synonym
schmettern	v	hallen	duden_synonym
schmettern	v	klingen	duden_synonym
schmettern	v	schallen	duden_synonym
schmettern	v	tönen	duden_synonym
schmettern	v	schwingen	duden_synonym
schmettern	v	rufen	duden_synonym
schmettern	v	singen	duden_synonym
Signal	n	Anhalt	duden_synonym
Signal	n	Anhaltspunkt	duden_synonym
Signal	n	Anzeichen	duden_synonym
Signal	n	Erkennungszeichen	duden_synonym
Signal	n	Fingerzeig	duden_synonym
Signal	n	Kennzeichen	duden_synonym
Signal	n	Merkmal	duden_synonym
Signal	n	Orientierungshilfe	duden_synonym
Signal	n	Symbol	duden_synonym
Signal	n	Wink	duden_synonym
Signal	n	Zeichen	duden_synonym
Signal	n	Indiz	duden_synonym
Signal	n	Indikator	duden_synonym
Signal	n	Verkehrsschild	duden_synonym
Signal	n	Verkehrszeichen	duden_synonym
skizzieren	v	wiedergeben	duden_synonym
skizzieren	v	zeichnen	duden_synonym
skizzieren	v	andeuten	duden_synonym
skizzieren	v	anklingen lassen	duden_synonym
skizzieren	v	anreißen	duden_synonym
skizzieren	v	berühren	duden_synonym
skizzieren	v	einflechten	duden_synonym
skizzieren	v	einfließen lassen	duden_synonym
skizzieren	v	erwähnen	duden_synonym
skizzieren	v	streifen	duden_synonym
skizzieren	v	umreißen	duden_synonym
skizzieren	v	konturieren	duden_synonym
skizzieren	v	antippen	duden_synonym
skizzieren	v	ausklügeln	duden_synonym
skizzieren	v	entwerfen	duden_synonym
skizzieren	v	entwickeln	duden_synonym
skizzieren	v	konzipieren	duden_synonym
skizzieren	v	planen	duden_synonym
skizzieren	v	konzeptualisieren	duden_synonym
skizzieren	v	projektieren	duden_synonym
spezifisch	a	bezeichnend	duden_synonym
spezifisch	a	charakteristisch	duden_synonym
spezifisch	a	hochspezifisch	duden_synonym
spezifisch	a	kennzeichnend	duden_synonym
spezifisch	a	typisch	duden_synonym
spezifisch	a	unverkennbar	duden_synonym
spezifisch	a	unverwechselbar	duden_synonym
spezifisch	a	signifikant	duden_synonym
spezifisch	a	symptomatisch	duden_synonym
strukturiert	a	abgestuft	duden_synonym
strukturiert	a	gegliedert	duden_synonym
strukturiert	a	gestaltet	duden_synonym
stumpf	a	abgestumpft	duden_synonym
stumpf	a	dumpf	duden_synonym
stumpf	a	gleichgültig	duden_synonym
stumpf	a	interesselos	duden_synonym
stumpf	a	leblos	duden_synonym
stumpf	a	teilnahmslos	duden_synonym
stumpf	a	träge	duden_synonym
stumpf	a	uninteressiert	duden_synonym
stumpf	a	apathisch	duden_synonym
stumpf	a	desinteressiert	duden_synonym
stumpf	a	indifferent	duden_synonym
stumpf	a	lethargisch	duden_synonym
stumpf	a	phlegmatisch	duden_synonym
stumpf	a	ungeschliffen	duden_synonym
stumpf	a	ungespitzt	duden_synonym
stumpf	a	abgestumpft	duden_synonym
stumpf	a	glanzlos	duden_synonym
stumpf	a	rau	duden_synonym
stumpf	a	blass	duden_synonym
stumpf	a	fahl	duden_synonym
stumpf	a	glanzlos	duden_synonym
stumpf	a	matt	duden_synonym
synchronisieren	v	harmonisieren	duden_synonym
synchronisieren	v	timen	duden_synonym
synchronisieren	v	koordinieren	duden_synonym
Terroristin	n	Anarchist	duden_synonym
Terroristin	n	Anarchistin	duden_synonym
Terroristin	n	Aufrührer	duden_synonym
Terroristin	n	Aufrührerin	duden_synonym
Terroristin	n	Extremist	duden_synonym
Terroristin	n	Extremistin	duden_synonym
Terroristin	n	Radikaler	duden_synonym
Terroristin	n	Radikale	duden_synonym
Terroristin	n	Revolutionär	duden_synonym
Terroristin	n	Revolutionärin	duden_synonym
Terroristin	n	Untergrundkämpfer	duden_synonym
Terroristin	n	Untergrundkämpferin	duden_synonym
Terroristin	n	Revoluzzer	duden_synonym
Terroristin	n	Revoluzzerin	duden_synonym
Terroristin	n	Umstürzler	duden_synonym
Terroristin	n	Umstürzlerin	duden_synonym
Terroristin	n	Radikalinski	duden_synonym
Terroristin	n	Guerilla	duden_synonym
Terroristin	n	Guerillero	duden_synonym
thronen	v	hocken	duden_synonym
thronen	v	sitzen	duden_synonym
turbulent	a	aufgeregt	duden_synonym
turbulent	a	bewegt	duden_synonym
turbulent	a	bunt	duden_synonym
turbulent	a	chaotisch	duden_synonym
turbulent	a	ereignisreich	duden_synonym
turbulent	a	hektisch	duden_synonym
turbulent	a	hitzig	duden_synonym
turbulent	a	lebhaft	duden_synonym
turbulent	a	schillernd	duden_synonym
turbulent	a	schwungvoll	duden_synonym
turbulent	a	stürmisch	duden_synonym
turbulent	a	tumultartig	duden_synonym
turbulent	a	ungeordnet	duden_synonym
turbulent	a	unruhig	duden_synonym
turbulent	a	ungestüm	duden_synonym
turbulent	a	tumultuarisch	duden_synonym
turbulent	a	tumultuös	duden_synonym
turbulent	a	rasant	duden_synonym
turbulent	a	wild	duden_synonym
unbehindert	a	unbehelligt	duden_synonym
unbehindert	a	ungehindert	duden_synonym
unbehindert	a	ungeschoren	duden_synonym
unbehindert	a	unkontrolliert	duden_synonym
unbehindert	a	wild	duden_synonym
unbesetzt	a	frei	duden_synonym
unbesetzt	a	leer stehend	duden_synonym
unbesetzt	a	offen	duden_synonym
unbesetzt	a	vakant	duden_synonym
ungesetzlich	a	betrügerisch	duden_synonym
ungesetzlich	a	gesetzwidrig	duden_synonym
ungesetzlich	a	illegal	duden_synonym
ungesetzlich	a	irregulär	duden_synonym
ungesetzlich	a	kriminell	duden_synonym
ungesetzlich	a	ordnungswidrig	duden_synonym
ungesetzlich	a	rechtswidrig	duden_synonym
ungesetzlich	a	strafbar	duden_synonym
ungesetzlich	a	tabu	duden_synonym
ungesetzlich	a	unbefugt	duden_synonym
ungesetzlich	a	unerlaubt	duden_synonym
ungesetzlich	a	unrechtmäßig	duden_synonym
ungesetzlich	a	unzulässig	duden_synonym
ungesetzlich	a	verboten	duden_synonym
ungesetzlich	a	verbrecherisch	duden_synonym
ungesetzlich	a	verfassungswidrig	duden_synonym
ungesetzlich	a	widerrechtlich	duden_synonym
ungesetzlich	a	unstatthaft	duden_synonym
ungesetzlich	a	illegitim	duden_synonym
ungesetzlich	a	schuftig	duden_synonym
ungesetzlich	a	schurkisch	duden_synonym
ungesetzlich	a	skrupellos	duden_synonym
unkalkulierbar	a	unabsehbar	duden_synonym
unkalkulierbar	a	unberechenbar	duden_synonym
unkalkulierbar	a	unvorhersehbar	duden_synonym
unkalkulierbar	a	unwägbar	duden_synonym
unklar	a	dumpf	duden_synonym
unklar	a	fließend	duden_synonym
unklar	a	konturlos	duden_synonym
unklar	a	nebelhaft	duden_synonym
unklar	a	trübe	duden_synonym
unklar	a	undeutlich	duden_synonym
unklar	a	unkenntlich	duden_synonym
unklar	a	unscharf	duden_synonym
unklar	a	vage	duden_synonym
unklar	a	verschwommen	duden_synonym
unklar	a	verwaschen	duden_synonym
unklar	a	weich	duden_synonym
unklar	a	wolkig	duden_synonym
unklar	a	schattenhaft	duden_synonym
unklar	a	schemenhaft	duden_synonym
unklar	a	diffus	duden_synonym
unklar	a	nebulös	duden_synonym
unklar	a	butterweich	duden_synonym
unklar	a	mehrdeutig	duden_synonym
unklar	a	missverständlich	duden_synonym
unklar	a	unbestimmt	duden_synonym
unklar	a	undefinierbar	duden_synonym
unklar	a	undeutlich	duden_synonym
unklar	a	ungenau	duden_synonym
unklar	a	unrein	duden_synonym
unklar	a	unsauber	duden_synonym
unklar	a	inartikuliert	duden_synonym
unklar	a	inexakt	duden_synonym
unklar	a	undifferenziert	duden_synonym
unklar	a	unpräzise	duden_synonym
unklar	a	unspezifisch	duden_synonym
unklar	a	schwammig	duden_synonym
unklar	a	abstrus	duden_synonym
unklar	a	chaotisch	duden_synonym
unklar	a	dunkel	duden_synonym
unklar	a	konfus	duden_synonym
unklar	a	mysteriös	duden_synonym
unklar	a	rätselhaft	duden_synonym
unklar	a	unbegreiflich	duden_synonym
unklar	a	undurchschaubar	duden_synonym
unklar	a	unergründlich	duden_synonym
unklar	a	ungereimt	duden_synonym
unklar	a	unübersichtlich	duden_synonym
unklar	a	unverständlich	duden_synonym
unklar	a	verworren	duden_synonym
unklar	a	wirr	duden_synonym
unklar	a	enigmatisch	duden_synonym
unklar	a	komplex	duden_synonym
unklar	a	unerfindlich	duden_synonym
unklar	a	unerforschlich	duden_synonym
unklar	a	schleierhaft	duden_synonym
unklar	a	kraus	duden_synonym
unklar	a	fraglich	duden_synonym
unklar	a	offen	duden_synonym
unklar	a	problematisch	duden_synonym
unklar	a	strittig	duden_synonym
unklar	a	umstritten	duden_synonym
unklar	a	unbekannt	duden_synonym
unklar	a	unbewältigt	duden_synonym
unklar	a	unentschieden	duden_synonym
unklar	a	ungeklärt	duden_synonym
unklar	a	ungelöst	duden_synonym
unklar	a	ungewiss	duden_synonym
unklar	a	unsicher	duden_synonym
unklar	a	unverarbeitet	duden_synonym
unklar	a	unverdaut	duden_synonym
unklar	a	zweifelhaft	duden_synonym
unklar	a	disputabel	duden_synonym
unmäßig	a	extrem	duden_synonym
unmäßig	a	grenzenlos	duden_synonym
unmäßig	a	hemmungslos	duden_synonym
unmäßig	a	maßlos	duden_synonym
unmäßig	a	übermäßig	duden_synonym
unmäßig	a	übersteigert	duden_synonym
unmäßig	a	übertrieben	duden_synonym
unmäßig	a	überzogen	duden_synonym
unmäßig	a	unersättlich	duden_synonym
unmäßig	a	ungezügelt	duden_synonym
unmäßig	a	wild	duden_synonym
unmäßig	a	zügellos	duden_synonym
unmäßig	a	exzessiv	duden_synonym
unmäßig	a	sinnlos	duden_synonym
unmäßig	a	übergenug	duden_synonym
unmäßig	a	heftig	duden_synonym
unmäßig	a	leidenschaftlich	duden_synonym
unmäßig	a	orgiastisch	duden_synonym
unmäßig	a	stürmisch	duden_synonym
unmäßig	a	unbändig	duden_synonym
unmäßig	a	unstillbar	duden_synonym
unmäßig	a	glühend	duden_synonym
unmäßig	a	ungestüm	duden_synonym
unmäßig	a	vehement	duden_synonym
unmäßig	a	heidenmäßig	duden_synonym
unvermittelt	a	abrupt	duden_synonym
unvermittelt	a	auf einmal	duden_synonym
unvermittelt	a	plötzlich	duden_synonym
unvermittelt	a	ruckartig	duden_synonym
unvermittelt	a	schlagartig	duden_synonym
unvermittelt	a	übergangslos	duden_synonym
unvermittelt	a	überraschend	duden_synonym
unvermittelt	a	unerwartet	duden_synonym
unvermittelt	a	unverhofft	duden_synonym
unvermittelt	a	unvermutet	duden_synonym
unvermittelt	a	unversehens	duden_synonym
unvermittelt	a	unvorhergesehen	duden_synonym
unvermittelt	a	brüsk	duden_synonym
unvermittelt	a	jäh	duden_synonym
unvermittelt	a	jählings	duden_synonym
unvermittelt	a	ex abrupto	duden_synonym
unvermittelt	a	aus heiterem Himmel	duden_synonym
unvermittelt	a	Hals über Kopf	duden_synonym
unvermittelt	a	urplötzlich	duden_synonym
ursprünglich	a	anfänglich	duden_synonym
ursprünglich	a	anfangs	duden_synonym
ursprünglich	a	eingangs	duden_synonym
ursprünglich	a	erst	duden_synonym
ursprünglich	a	zuerst	duden_synonym
ursprünglich	a	zunächst	duden_synonym
ursprünglich	a	vorerst	duden_synonym
ursprünglich	a	initial	duden_synonym
ursprünglich	a	originär	duden_synonym
ursprünglich	a	primär	duden_synonym
ursprünglich	a	zuallererst	duden_synonym
ursprünglich	a	echt	duden_synonym
ursprünglich	a	einfach	duden_synonym
ursprünglich	a	naturbelassen	duden_synonym
ursprünglich	a	naturhaft	duden_synonym
ursprünglich	a	natürlich	duden_synonym
ursprünglich	a	original	duden_synonym
ursprünglich	a	rein	duden_synonym
ursprünglich	a	richtig	duden_synonym
ursprünglich	a	typisch	duden_synonym
ursprünglich	a	unverfälscht	duden_synonym
ursprünglich	a	urig	duden_synonym
ursprünglich	a	urtümlich	duden_synonym
ursprünglich	a	urwüchsig	duden_synonym
ursprünglich	a	wahr	duden_synonym
ursprünglich	a	waschecht	duden_synonym
ursprünglich	a	urchig	duden_synonym
ursprünglich	a	erdhaft	duden_synonym
ursprünglich	a	erdverbunden	duden_synonym
ursprünglich	a	authentisch	duden_synonym
ursprünglich	a	genuin	duden_synonym
ursprünglich	a	hundertprozentig	duden_synonym
Varietät	n	Abart	duden_synonym
Varietät	n	Form	duden_synonym
Varietät	n	Spielart	duden_synonym
Varietät	n	Variante	duden_synonym
Verbannung	n	Aussiedlung	duden_synonym
Verbannung	n	Ausweisung	duden_synonym
Verbannung	n	Deportation	duden_synonym
Verbannung	n	Verschleppung	duden_synonym
Verbannung	n	Zwangsverschickung	duden_synonym
Verbannung	n	Landesverweis	duden_synonym
Verbannung	n	Wegweisung	duden_synonym
Verbannung	n	Landesverweisung	duden_synonym
Verbannung	n	Exilierung	duden_synonym
Verbannung	n	Bann	duden_synonym
Verbannung	n	Expatriation	duden_synonym
Verbannung	n	Expatriierung	duden_synonym
Verbannung	n	Emigration	duden_synonym
Verbannung	n	Exil	duden_synonym
Verbannung	n	Fremde	duden_synonym
Verbannung	n	Verbannungsort	duden_synonym
verblenden	v	auslegen	duden_synonym
verblenden	v	ausschlagen	duden_synonym
verblenden	v	füttern	duden_synonym
verblenden	v	verkleiden	duden_synonym
verblenden	v	verschalen	duden_synonym
verdecken	v	abdecken	duden_synonym
verdecken	v	bedecken	duden_synonym
verdecken	v	decken	duden_synonym
verdecken	v	überdecken	duden_synonym
verdecken	v	verbergen	duden_synonym
verdecken	v	verhängen	duden_synonym
verdecken	v	verhüllen	duden_synonym
verdecken	v	verstecken	duden_synonym
verdecken	v	zudecken	duden_synonym
vergesslich	a	abwesend	duden_synonym
vergesslich	a	gedächtnisschwach	duden_synonym
vergesslich	a	gedankenlos	duden_synonym
vergesslich	a	geistesabwesend	duden_synonym
vergesslich	a	konfus	duden_synonym
vergesslich	a	kopflos	duden_synonym
vergesslich	a	nachlässig	duden_synonym
vergesslich	a	unaufmerksam	duden_synonym
vergesslich	a	unkonzentriert	duden_synonym
vergesslich	a	unzuverlässig	duden_synonym
vergesslich	a	verwirrt	duden_synonym
vergesslich	a	wirr	duden_synonym
vergesslich	a	zerfahren	duden_synonym
vergesslich	a	zerstreut	duden_synonym
vergesslich	a	schusselig	duden_synonym
verletzend	a	ausfallend	duden_synonym
verletzend	a	beleidigend	duden_synonym
verletzend	a	ehrenrührig	duden_synonym
verletzend	a	kränkend	duden_synonym
verletzend	a	schnöde	duden_synonym
verletzend	a	gehässig	duden_synonym
verletzend	a	injuriös	duden_synonym
verlängern	v	ausdehnen	duden_synonym
verlängern	v	ausweiten	duden_synonym
verlängern	v	strecken	duden_synonym
verlängern	v	vergrößern	duden_synonym
verlängern	v	längen	duden_synonym
verlängern	v	ausdehnen	duden_synonym
verlängern	v	hinausziehen	duden_synonym
verlängern	v	überziehen	duden_synonym
verlängern	v	sich erstrecken	duden_synonym
verlängern	v	prolongieren	duden_synonym
verlängern	v	dranhängen	duden_synonym
verlängern	v	spritzen	duden_synonym
verlängern	v	strecken	duden_synonym
verlängern	v	verdünnen	duden_synonym
verlängern	v	verwässern	duden_synonym
verlängern	v	längen	duden_synonym
verlängern	v	diluieren	duden_synonym
Versuchung	n	Anziehung	duden_synonym
Versuchung	n	Reiz	duden_synonym
Versuchung	n	Verführung	duden_synonym
Versuchung	n	Anfechtung	duden_synonym
Versuchung	n	Sirenengesang	duden_synonym
Versuchung	n	Verlockung	duden_synonym
vertauschen	v	durcheinanderbringen	duden_synonym
vertauschen	v	vermengen	duden_synonym
vertauschen	v	verwechseln	duden_synonym
vertauschen	v	austauschen	duden_synonym
vertauschen	v	auswechseln	duden_synonym
vertauschen	v	ersetzen	duden_synonym
vertauschen	v	wechseln	duden_synonym
vertauschen	v	substituieren	duden_synonym
verzaubern	v	behexen	duden_synonym
verzaubern	v	beschwören	duden_synonym
verzaubern	v	bezaubern	duden_synonym
verzaubern	v	verhexen	duden_synonym
verzaubern	v	verwandeln	duden_synonym
verzaubern	v	bannen	duden_synonym
verzaubern	v	berücken	duden_synonym
verzaubern	v	betören	duden_synonym
verzaubern	v	bezirzen	duden_synonym
verzaubern	v	anziehen	duden_synonym
verzaubern	v	begeistern	duden_synonym
verzaubern	v	bestechen	duden_synonym
verzaubern	v	bestricken	duden_synonym
verzaubern	v	blenden	duden_synonym
verzaubern	v	entzücken	duden_synonym
verzaubern	v	faszinieren	duden_synonym
verzaubern	v	fesseln	duden_synonym
verzaubern	v	gefangen nehmen	duden_synonym
verzaubern	v	hinreißen	duden_synonym
verzaubern	v	reizen	duden_synonym
verzaubern	v	verführen	duden_synonym
verzaubern	v	verliebt machen	duden_synonym
verzaubern	v	berauschen	duden_synonym
verzaubern	v	entflammen	duden_synonym
verzaubern	v	verlocken	duden_synonym
verzaubern	v	enthusiasmieren	duden_synonym
verzaubern	v	anmachen	duden_synonym
verzaubern	v	einwickeln	duden_synonym
wackelig	a	locker	duden_synonym
wackelig	a	lose	duden_synonym
wackelig	a	lotterig	duden_synonym
wackelig	a	altersschwach	duden_synonym
wackelig	a	gebrechlich	duden_synonym
wackelig	a	hinfällig	duden_synonym
wackelig	a	kraftlos	duden_synonym
wackelig	a	schwach	duden_synonym
wackelig	a	schwächlich	duden_synonym
wackelig	a	zittrig	duden_synonym
wackelig	a	siech	duden_synonym
wackelig	a	senil	duden_synonym
wackelig	a	schlapp	duden_synonym
wackelig	a	klapprig	duden_synonym
wackelig	a	anfällig	duden_synonym
wackelig	a	bedroht	duden_synonym
wackelig	a	fragil	duden_synonym
wackelig	a	gefährdet	duden_synonym
wackelig	a	instabil	duden_synonym
wackelig	a	labil	duden_synonym
wackelig	a	störanfällig	duden_synonym
wackelig	a	unbeständig	duden_synonym
wackelig	a	veränderlich	duden_synonym
wackelig	a	wechselhaft	duden_synonym
wackelig	a	neuralgisch	duden_synonym
wegschaffen	v	abtransportieren	duden_synonym
wegschaffen	v	beiseitelegen	duden_synonym
wegschaffen	v	beiseiteschaffen	duden_synonym
wegschaffen	v	beseitigen	duden_synonym
wegschaffen	v	davontragen	duden_synonym
wegschaffen	v	entfernen	duden_synonym
wegschaffen	v	entrümpeln	duden_synonym
wegschaffen	v	fortbringen	duden_synonym
wegschaffen	v	fortnehmen	duden_synonym
wegschaffen	v	forträumen	duden_synonym
wegschaffen	v	fortschaffen	duden_synonym
wegschaffen	v	forttragen	duden_synonym
wegschaffen	v	herausholen	duden_synonym
wegschaffen	v	herausnehmen	duden_synonym
wegschaffen	v	loswerden	duden_synonym
wegschaffen	v	verschwinden lassen	duden_synonym
wegschaffen	v	wegbringen	duden_synonym
wegschaffen	v	wegtragen	duden_synonym
wegschaffen	v	wegtun	duden_synonym
wegschaffen	v	eliminieren	duden_synonym
wegschaffen	v	loskriegen	duden_synonym
wegschaffen	v	removieren	duden_synonym
wegschaffen	v	ferggen	duden_synonym
wegschaffen	v	verbringen	duden_synonym
wegschaffen	v	entsorgen	duden_synonym
zusammenkommen	v	tagen	duden_synonym
zusammenkommen	v	zusammenströmen	duden_synonym
zusammenkommen	v	zusammentreffen	duden_synonym
zusammenkommen	v	kongregieren	duden_synonym
zusammenkommen	v	zusammenfinden	duden_synonym
zusammenkommen	v	auflaufen	duden_synonym
zusammenkommen	v	zusammentreffen	duden_synonym
zusammenkommen	v	einhergehen	duden_synonym
Übereinstimmung	n	Einheit	duden_synonym
Übereinstimmung	n	Einhelligkeit	duden_synonym
Übereinstimmung	n	Einigkeit	duden_synonym
Übereinstimmung	n	Einmütigkeit	duden_synonym
Übereinstimmung	n	Einstimmigkeit	duden_synonym
Übereinstimmung	n	Eintracht	duden_synonym
Übereinstimmung	n	Einvernehmen	duden_synonym
Übereinstimmung	n	Einverständnis	duden_synonym
Übereinstimmung	n	Geistesverwandtschaft	duden_synonym
Übereinstimmung	n	Gleichklang	duden_synonym
Übereinstimmung	n	Harmonie	duden_synonym
Übereinstimmung	n	Einklang	duden_synonym
Übereinstimmung	n	Einssein	duden_synonym
Übereinstimmung	n	Konsens	duden_synonym
Übereinstimmung	n	Solidarität	duden_synonym
Übereinstimmung	n	Akkord	duden_synonym
Übereinstimmung	n	Konkordanz	duden_synonym
Übereinstimmung	n	Affinität	duden_synonym
Übereinstimmung	n	Ähnlichkeit	duden_synonym
Übereinstimmung	n	Anklang	duden_synonym
Übereinstimmung	n	Berührungspunkt	duden_synonym
Übereinstimmung	n	Deckungsgleichheit	duden_synonym
Übereinstimmung	n	Entsprechung	duden_synonym
Übereinstimmung	n	Gemeinsamkeit	duden_synonym
Übereinstimmung	n	Gleichartigkeit	duden_synonym
Übereinstimmung	n	Gleichheit	duden_synonym
Übereinstimmung	n	Identität	duden_synonym
Übereinstimmung	n	Parallele	duden_synonym
Übereinstimmung	n	Überschneidung	duden_synonym
Übereinstimmung	n	Wesensgleichheit	duden_synonym
Übereinstimmung	n	Analogie	duden_synonym
Übereinstimmung	n	Egalität	duden_synonym
Übereinstimmung	n	Égalité	duden_synonym
Übereinstimmung	n	Konformität	duden_synonym
Übereinstimmung	n	Kongruenz	duden_synonym
Übereinstimmung	n	Konvergenz	duden_synonym
Übereinstimmung	n	Symmetrie	duden_synonym
Übereinstimmung	n	Similarität	duden_synonym
